Aaron Bergman,dneggrinicl@intel.com,31,133-441-7569,Novosibirsk,3,2212,887,4,4,4,444
Aaron Hawkins,iguerri4g@cbslocal.com,34,708-261-3248,La Esperanza,7,1809,1744,1,2,3,123
Aaron Smayling,tphillputl2@virginia.edu,62,658-680-6476,Saintes,7,1885,3050,3,2,2,322
Adam Bellavance,aduligalil@gmpg.org,65,742-161-8636,Vohipaho,8,1851,7756,2,2,1,221
Adam Hart,kcortendk@stumbleupon.com,21,947-165-6297,Changtan,10,1831,3249,2,1,2,212
Adam Shillingsburg,acubbini97@livejournal.com,28,497-208-8106,Carcassonne,9,1825,3256,1,1,2,112
Adrian Barton,jheinemann13@e-recht24.de,73,252-427-8832,Kolaka,10,1838,14474,2,1,1,211
Adrian Hane,cfandrey6p@wikispaces.com,82,907-912-9999,Metkovi?,7,1857,1734,2,2,3,223
Adrian Shami,dstedmondl3@themeforest.net,96,259-657-3203,Pangal Sur,2,1838,59,2,4,4,244
Aimee Bixby,dbiskupem@virginia.edu,13,329-712-0999,Korkino,5,1838,968,2,4,4,244
Alan Barnes,oroderhamgf@friendfeed.com,75,118-209-1907,Murmashi,8,1822,1114,1,2,4,124
Alan Dominguez,cfillimore85@gizmodo.com,80,987-719-7944,Baisha,8,1826,6107,1,2,1,121
Alan Haines,dstapelsgz@spiegel.de,47,546-421-0078,Kolomak,4,1852,1587,2,4,3,243
Alan Hwang,acapenorcr@topsy.com,34,294-990-6480,Besuk Selatan,9,1803,4806,1,1,1,111
Alan Schoenberger,fgonoude3n@xrea.com,58,919-703-1196,Lunas,5,1819,4261,1,4,1,141
Alan Shonely,ttuffell89@ezinearticles.com,57,217-410-2938,Baraya,7,1989,585,4,2,4,424
Alejandro Ballentine,mcurley6l@google.nl,21,619-534-8893,?arki,9,1963,914,3,1,4,314
Alejandro Grove,cscherme11@jugem.jp,39,794-851-0895,Georg?evka,5,2075,2584,4,4,2,442
Alejandro Savely,pcarmodyk4@whitehouse.gov,66,571-502-9259,Damaying,6,1816,3214,1,3,2,132
Aleksandra Gannaway,cosbournebu@soundcloud.com,64,901-799-7450,Memphis,4,1915,368,3,4,4,344
Alex Avila,mbrunning84@tripod.com,72,746-640-7005,Paw?osiów,5,1981,5564,4,4,1,441
Alex Grayson,racejm@pinterest.com,70,946-900-4695,Campana,5,1805,662,1,4,4,144
Alex Russell,aadvanii1@scribd.com,18,881-716-6446,Quintã,4,1908,1056,3,4,4,344
Alice McCarthy,aloachhead93@umich.edu,70,519-956-7328,Seremban,5,1825,814,1,4,4,144
Allen Armold,jfairbanks8p@ycombinator.com,35,280-915-5584,Tha Yang,9,1816,1057,1,1,4,114
Allen Goldenen,bmanna7e@sohu.com,99,907-530-3771,Anchorage,5,1911,201,3,4,4,344
Allen Rosenblatt,smcartda@addthis.com,91,607-548-8205,Emiliano Zapata,5,1922,2236,3,4,3,343
Alyssa Crouse,vfiler8i@mtv.com,72,799-216-1976,La Virginia,3,2029,926,4,4,4,444
Alyssa Tate,nwinterflood3w@chicagotribune.com,55,683-700-1292,San Celestio,6,1818,1171,1,3,3,133
Amy Cox,hmayoraljd@ebay.com,100,723-174-0615,Bielawa,7,1808,5528,1,2,1,121
Amy Hunt,snoursei5@paginegialle.it,27,979-431-6851,Sayaxché,5,2027,2496,4,4,2,442
Andrew Allen,eskillmancy@acquirethisname.com,64,506-664-9270,Ngangguk,4,2056,1791,4,4,3,443
Andrew Gjertsen,jkanwellfe@histats.com,32,355-441-2808,Golden,8,1875,2356,3,2,2,322
Andrew Roberts,akeable4w@amazon.de,65,189-819-1401,Puzi,5,1811,265,1,4,4,144
Andy Gerbode,cpetegrede@tiny.cc,52,539-575-5979,Besançon,4,2642,1456,4,4,3,443
Andy Reiter,mbartholat6k@mtv.com,86,262-167-9957,Siluman,6,1803,6609,1,3,1,131
Andy Yotov,cmatthewsk@wp.com,67,785-847-2673,Yangcun,4,1811,497,1,4,4,144
Anemone Ratner,etanzigl8@bizjournals.com,22,510-296-4458,Citeureup,1,2331,88,4,4,4,444
Angele Hood,cbeadeldp@bluehost.com,73,823-718-2151,Mi?etice,4,1818,738,1,4,4,144
Ann Blume,fkolodziejski51@creativecommons.org,66,105-786-7373,Hexi,4,1847,1515,2,4,3,243
Ann Chong,kavrasinev@auda.org.au,42,485-112-3462,Shengli,5,1803,2538,1,4,2,142
Ann Steele,cvennerj@illinois.edu,47,578-365-5795,Laç,7,1889,833,3,2,4,324
Anna Andreadi,ospinkbe@state.tx.us,29,164-607-9300,L'viv,6,1852,5087,2,3,1,231
Anna Chung,tvigrassks@psu.edu,11,481-813-1732,Monte de Trigo,5,2079,658,4,4,4,444
Anna Gayman,ipavlovhv@cdc.gov,77,140-735-1402,Huai Yot,7,1894,3488,3,2,2,322
Anna HŠberlin,madlemdl@multiply.com,95,420-932-6613,Kh?naq?h,12,2207,7888,4,1,1,411
Anne McFarland,rdoerfferbn@lulu.com,45,430-341-6819,Chengkou,8,1959,5664,3,2,1,321
Anne Pryor,nraffles83@ucoz.com,64,383-797-5986,Cagayan,8,1838,1638,2,2,3,223
Annie Thurman,owickbq@smugmug.com,35,362-666-7015,Baorixile,10,1810,3831,1,1,1,111
Annie Zypern,grieplc0@theglobeandmail.com,25,829-905-9248,Sattahip,6,1957,1623,3,3,3,333
Anthony Garverick,bfawbertg2@canalblog.com,78,937-607-6323,Buenavista,4,1874,171,3,4,4,344
Anthony Jacobs,gcallum2z@delicious.com,73,582-299-7612,Sokyryany,7,1872,4868,2,2,1,221
Anthony Johnson,owhannel2h@disqus.com,97,684-670-0442,Lamalewar,7,1963,4502,3,2,1,321
Anthony O'Donnell,emcclancyl1@unicef.org,54,248-154-4736,Kurnia,1,2298,161,4,4,4,444
Anthony Rawles,acoger36@seattletimes.com,81,633-601-5685,Boljoon,8,1855,4523,2,2,1,221
Anthony Witt,agocherhc@feedburner.com,80,752-252-4516,Sura?,4,1817,649,1,4,4,144
Arianne Irving,chaffendenw@usa.gov,33,286-926-5189,Kafr D?n,10,1810,4376,1,1,1,111
Art Ferguson,skitchingjg@answers.com,35,563-473-1290,Armash,7,1838,2052,2,2,3,223
Art Foster,wdelacroix1g@shareasale.com,26,515-553-3553,Nanhe,4,2212,862,4,4,4,444
Arthur Gainer,mborchardtgc@amazon.com,52,422-525-2519,Batumi,10,1893,4511,3,1,1,311
Arthur Prichep,ebowlas21@home.pl,24,464-992-1889,Sukpak,10,1895,3324,3,1,2,312
Arthur Wiediger,koxtebyid@joomla.org,79,221-673-9066,Dalongzhan,7,1843,2853,2,2,2,222
Ashley Jarboe,dothamd0@webmd.com,74,662-490-1805,Tomilino,7,1882,1838,3,2,3,323
Astrea Jones,uhought4d@walmart.com,30,157-127-2351,Bozkow,3,1871,629,2,4,4,244
Barbara Fisher,relleton3e@aboutads.info,74,701-340-8199,Älvängen,7,1888,600,3,2,4,324
Barry Blumstein,pkubaseo@forbes.com,38,889-964-8779,Longping,5,1902,744,3,4,4,344
Barry Franz,lgreschikb1@histats.com,76,340-743-0206,Mengeš,4,1836,1334,2,4,3,243
Barry Franzšsisch,lblewmene6@pen.io,13,237-853-8551,Chengdong,8,1871,2889,2,2,2,222
Barry Gonzalez,nshinefieldcz@oracle.com,83,439-920-0554,Almaguer North,8,1825,2799,1,2,2,122
Barry Pond,aclerkejs@businessinsider.com,11,376-792-5856,Ribaldeira,5,1880,983,3,4,4,344
Barry Weirich,gjanowicz5@ehow.com,33,442-688-9608,Bergen,3,2009,386,4,4,4,444
Bart Folk,dcharletdq@toplist.cz,97,626-719-3907,Razvanje,3,1822,274,1,4,4,144
Bart Pistole,nmathivona6@upenn.edu,22,936-787-9797,Mao,12,1814,2441,1,1,2,112
Bart Watters,tbrosefn@yahoo.co.jp,58,304-824-8420,Penedo,8,1918,4751,3,2,1,321
Becky Castell,dkohen4h@wix.com,23,176-715-4780,Paços de Ferreira,9,1999,2934,4,1,2,412
Becky Martin,kdaughtonao@go.com,87,638-468-0293,Zyuzino,4,2104,11790,4,4,1,441
Becky Pak,twillimentj1@home.pl,52,852-533-7751,Shtip,6,1886,1698,3,3,3,333
Ben Ferrer,bdrexel3k@mashable.com,33,152-208-5800,Qulayb?yah,11,1813,5907,1,1,1,111
Ben Peterman,ldumphriesjf@naver.com,56,701-712-7590,Sanjiao,9,1798,3675,1,1,2,112
Ben Wallace,aderyebarrett3d@clickbank.net,24,577-506-0755,Volnovakha,6,2000,1739,4,3,3,433
Benjamin Farhat,btippin15@tumblr.com,82,235-387-6492,Freiria,4,1862,1586,2,4,3,243
Benjamin Patterson,gkivellel@who.int,37,890-798-8695,Touguinha,5,1836,1182,2,4,3,243
Benjamin Venier,hsimunekf6@opensource.org,75,607-456-8279,Wurigelebur,5,2131,1522,4,4,3,443
Berenike Kampe,fbosnell7i@msn.com,17,825-471-9878,J?rmala,6,1874,660,3,3,4,334
Beth Fritzler,nrazouxbw@hatena.ne.jp,79,768-335-6604,Lianhua,3,1854,792,2,4,4,244
Beth Paige,curquhartcq@drupal.org,94,511-967-6069,Gananoque,7,1809,2474,1,2,2,122
Beth Thompson,dvasyukovef@php.net,93,887-510-6391,Calabaca,5,2133,2568,4,4,2,442
Bill Donatelli,fmaccarigo@a8.net,80,181-606-9491,Xianzong,12,1830,5719,2,1,1,211
Bill Eplett,aclemeskl@youku.com,57,143-289-8926,Wojaszówka,5,1916,4205,3,4,1,341
Bill Overfelt,tjurcajo@ed.gov,50,288-925-7850,Nanhe,5,1934,2684,3,4,2,342
Bill Shonely,eromaej@amazon.de,22,487-152-7337,Hulutao,5,2355,10502,4,4,1,441
Bill Stewart,hcorrieia@webnode.com,29,712-629-6005,Synya,5,1825,3888,1,4,1,141
Bill Tyler,ldilgarno2r@vimeo.com,41,254-344-0500,Drumcondra,6,2099,2187,4,3,3,433
Bobby Elias,jscarletjt@redcross.org,14,738-888-9599,Whistler,5,1895,2262,3,4,2,342
Bobby Odegard,smcallht@bigcartel.com,82,733-314-1398,Nishi-Tokyo-shi,2,1872,131,2,4,4,244
Bobby Trafton,schitteyaj@washington.edu,70,280-975-3606,Mikrókampos,4,2357,604,4,4,4,444
Brad Eason,horganerge@tripod.com,14,898-662-2671,Enskededalen,6,2051,1727,4,3,3,433
Brad Norvell,mcourseaf@altervista.org,63,974-338-5733,Rancho Nuevo,4,1821,266,1,4,4,144
Brad Thomas,llunaje@t-online.de,96,624-195-1142,Etten-Leur,2,2456,415,4,4,4,444
Bradley Drucker,dquiddintonav@fema.gov,94,298-452-5464,Moscavide,6,1832,4411,2,3,1,231
Bradley Nguyen,cgregon1l@google.co.jp,49,785-366-4914,Yuza,5,1806,1460,1,4,3,143
Bradley Talbott,tkelinge1u@friendfeed.com,56,118-318-4603,Bogoria,5,1888,2685,3,4,2,342
Brenda Bowman,kanderfo@usa.gov,39,910-307-2216,Tamnag,9,1825,6766,1,1,1,111
Brendan Dodson,kknollerjc@bizjournals.com,15,981-468-3303,Kirovsk,2,2075,321,4,4,4,444
Brendan Murry,kdalgetyff@seesaa.net,72,868-203-8804,Hobor,6,1897,809,3,3,4,334
Brendan Sweed,vambrose2b@vistaprint.com,55,335-760-2242,Shuanglong,6,1832,2454,2,3,2,232
Brian Dahlen,hpiped7@angelfire.com,93,184-845-5957,Askim,7,1894,3289,3,2,2,322
Brian DeCherney,rephgraveci@ning.com,73,661-866-6741,Kanbe,6,1866,1539,2,3,3,233
Brian Derr,dfassumck@sun.com,20,724-201-8509,Santa Helena,3,1806,583,1,4,4,144
Brian Moss,wstrathman7f@freewebs.com,69,715-213-3142,Petersfield,11,1830,7295,2,1,1,211
Brian Stugart,rgoodbarr7j@bravesites.com,50,252-726-1320,Bafatá,3,2379,3288,4,4,2,442
Brian Thompson,braspin6e@upenn.edu,99,308-574-2219,Shuyuan,7,1817,3196,1,2,2,122
Brooke Gillingham,emetrick7y@goo.gl,15,748-120-1149,Cihaur,6,1833,1873,2,3,3,233
Brosina Hoffman,hwhittle53@springer.com,14,711-129-8494,Qiwen,8,1820,6255,1,2,1,121
Bruce Degenhardt,bwhiteh9@ycombinator.com,76,210-654-9478,Sam Ngam,6,1890,1527,3,3,3,333
Bruce Geld,acallise2@example.com,39,343-873-7167,Venda Nova,6,1854,1006,2,3,4,234
Bruce Stewart,bhallet19@hibu.com,94,269-367-8368,Laoxialu,7,1798,2563,1,2,2,122
Bryan Davis,achaffinkh@smh.com.au,82,423-182-7293,Minjian,6,2124,658,4,3,4,434
Bryan Mills,ffayre2i@joomla.org,45,223-803-8812,Kedung,10,2015,1339,4,1,3,413
Bryan Spruell,lwedderburngv@slate.com,76,641-802-6332,Qu??r,2,2062,950,4,4,4,444
Candace McMahon,hstambridge7w@lycos.com,35,262-140-2558,Pakis,6,1928,1674,3,3,3,333
Cari Sayre,gnadin8n@flavors.me,68,738-719-4508,Dimitrov,5,1888,1279,3,4,3,343
Cari Schnelling,sdreger74@timesonline.co.uk,70,992-344-7901,Yongning,6,1959,537,3,3,4,334
Carl Jackson,slackneyla@sciencedirect.com,38,821-147-1795,Babakandesa,1,2162,17,4,4,4,444
Carl Ludwig,ngrunguerlu@whitehouse.gov,15,984-779-2815,Jiandou,4,1903,1263,3,4,3,343
Carl Weiss,gnorcop9h@senate.gov,76,247-290-2435,Mýrina,6,1819,1138,1,3,4,134
Carlos Daly,mjustebt@google.com.hk,34,160-587-4546,Benguela,5,1837,2035,2,4,3,243
Carlos Meador,rdraysayih@rediff.com,42,732-689-6914,??czyce,2,2505,565,4,4,4,444
Carlos Soltero,cskatcheriq@istockphoto.com,56,846-541-4095,Boa Esperança,11,1822,3038,1,1,2,112
Carol Adams,bbrauningerei@reddit.com,15,304-703-8336,Xiejiatan,6,1893,3790,3,3,1,331
Carol Darley,bsnelsonjh@foxnews.com,11,394-966-9277,Xilian,3,1851,640,2,4,4,244
Carol Triggs,adewittag@squarespace.com,67,438-817-7573,Caoxi,8,1893,3242,3,2,2,322
Caroline Jumper,hmollattkf@amazon.co.uk,40,596-400-5647,Auch,8,1986,11166,4,2,1,421
Cassandra Brandow,obundock8r@infoseek.co.jp,30,599-594-6808,Ningyang,10,1844,6076,2,1,1,211
Catherine Glotzbach,kreuterj4@fda.gov,78,808-590-1666,Polazna,6,1846,905,2,3,4,234
Cathy Armstrong,mmidghallj9@comcast.net,25,581-939-0035,Mtimbira,5,2198,1680,4,4,3,443
Cathy Hwang,ihawgoodgx@mapquest.com,46,314-980-3014,Hüremt,3,2488,1537,4,4,3,443
Cathy Prescott,ldetoc7v@weather.com,54,982-338-8330,Ust’-Koksa,8,1879,5402,3,2,1,321
Chad Cunningham,jprazor9x@fema.gov,82,324-592-4752,Pérez,6,2254,1771,4,3,3,433
Chad McGuire,aklimmekfh@marriott.com,70,828-139-1360,Mahaddayweyne,4,1805,1662,1,4,3,143
Chad Sievert,dmartynov5p@globo.com,91,320-103-4439,Daxin,4,2286,885,4,4,4,444
Charles Crestani,lmackenzieb2@washington.edu,58,188-461-6355,Balong Wetan,7,1903,2472,3,2,2,322
Charles McCrossin,hhacqueljz@wsj.com,54,880-376-7502,Lyublino,6,1823,2533,1,3,2,132
Charles Sheldon,hhanniger38@barnesandnoble.com,32,215-136-8539,Arkalyk,5,2029,844,4,4,4,444
Charlotte Melton,bpassinghamew@wix.com,11,474-968-7113,Genisséa,6,1805,1475,1,3,3,133
Chloris Kastensmidt,thowitt4k@merriam-webster.com,95,512-178-4669,Sevsk,13,1836,3157,2,1,2,212
Chris Cortes,gvine1d@tamu.edu,89,926-736-7747,Zhongchao,12,1817,3913,1,1,1,111
Chris McAfee,etolcherji@merriam-webster.com,71,140-586-1853,Säffle,5,2182,2307,4,4,2,442
Chris Selesnick,cbrinkmann@guardian.co.uk,33,468-261-6235,Sapucaia,12,1823,2754,1,1,2,112
Christina Anderson,tfonzo87@taobao.com,17,946-189-6168,Independencia,9,1853,2648,2,1,2,212
Christina DeMoss,hmuntlf@icio.us,77,720-323-9905,Mpanda,2,1839,1206,2,4,3,243
Christina VanderZanden,ztoderbruggecf@i2i.jp,55,532-376-7990,Shestakovo,5,2051,2830,4,4,2,442
Christine Abelman,cbartkowiaklt@intel.com,12,420-190-4129,Pho Duc,4,1810,1422,1,4,3,143
Christine Kargatis,gpiatkow1r@usgs.gov,44,321-959-8565,Doksy,5,1917,2946,3,4,2,342
Christine Phan,dclaussenfi@istockphoto.com,74,566-741-3438,Wangwu,8,1957,5889,3,2,1,321
Christine Sundaresam,olisciandro33@nymag.com,26,603-690-4847,Nagqu,11,1803,3202,1,1,2,112
Christopher Conant,pmilvarniekt@fc2.com,15,234-815-2660,Maloye Verevo,5,1840,12129,2,4,1,241
Christopher Martinez,tcomazzoh7@independent.co.uk,68,378-755-7044,Mstów,4,1834,8953,2,4,1,241
Christopher Schild,rcrosthwaite7z@163.com,47,391-312-7796,Istaravshan,9,1799,3651,1,1,2,112
Christy Brittain,rmccroftk3@ft.com,21,457-594-5792,Gosen,8,1823,1950,1,2,3,123
Chuck Clark,tgrieveio@answers.com,26,282-248-4155,Batanamang,10,1797,2870,1,1,2,112
Chuck Magee,callnutt9k@nsw.gov.au,81,605-866-1285,Condado,3,2233,288,4,4,4,444
Chuck Sachs,ccaneolx@php.net,62,674-863-2116,Maple Ridge,2,1824,551,1,4,4,144
Cindy Chapman,ibirkkz@vinaora.com,74,377-276-0060,Masaguisi,9,1836,1660,2,1,3,213
Cindy Schnelling,vherionha@ucoz.com,41,497-542-8735,Aranguren,4,2221,1077,4,4,4,444
Cindy Stewart,aberkowitz9@yellowpages.com,95,978-848-1687,Keumala,6,1855,5691,2,3,1,231
Claire Gute,cdalinderl6@mayoclinic.com,65,815-662-5532,Whitchurch,3,2135,1149,4,4,3,443
Claudia Bergmann,kbroxtonet@harvard.edu,77,848-285-6665,Zaragoza,8,1994,4246,4,2,1,421
Clay Cheatham,jshellsheerels@statcounter.com,60,679-885-7325,Chãos,3,1824,113,1,4,4,144
Clay Ludtke,sholston58@cnn.com,13,137-848-1143,Daqiao,12,2081,10879,4,1,1,411
Clay Rozendal,sleytonjj@vinaora.com,63,192-967-0152,Macari,4,1854,2149,2,4,3,243
Clytie Kelty,nheather2a@jalbum.net,90,999-143-7639,Gibbons,11,1840,2373,2,1,2,212
Corey Catlett,etregunna76@sphinn.com,85,364-148-8804,?omianki,7,1831,2541,2,2,2,222
Corey Roper,bpaulot3s@cdc.gov,29,772-812-6074,Rahayu Dua,3,2267,476,4,4,4,444
Corey-Lock,brace9w@about.me,18,763-311-5903,Munjul,5,2346,1300,4,4,3,443
Corinna Mitchell,ddriveri4@nps.gov,46,660-482-8337,Yanxi,6,1824,6339,1,3,1,131
Craig Carreira,hmiltoncs@quantcast.com,23,375-217-1163,Olutanga,7,1826,2270,1,2,2,122
Craig Carroll,llillofu@goo.ne.jp,57,905-108-9978,?awsh ‘?sá,4,2596,2854,4,4,2,442
Craig Leslie,gperottiju@google.it,32,913-572-5784,Isawa,5,1902,2353,3,4,2,342
Craig Molinari,ceads1c@blogspot.com,46,649-401-1561,San Lorenzo,4,2832,3985,4,4,1,441
Craig Reiter,hcheshired@sciencedirect.com,49,978-849-0195,Wa’eryi,4,1875,1600,3,4,3,343
Craig Yedwab,cobeefx@soup.io,93,202-671-2071,Amparita,8,1857,2900,2,2,2,222
Cyma Kinney,fpallas1x@opera.com,75,439-359-2062,La Libertad,9,1879,1581,3,1,3,313
Cynthia Arntzen,kcossellax@g.co,40,908-373-9274,Luki?evo,7,1917,3041,3,2,2,322
Cynthia Delaney,sseyfartan@umich.edu,88,703-238-4069,?l?m,5,2196,1859,4,4,3,443
Cynthia Voltz,hcaldeirokc@over-blog.com,66,438-475-0175,Salimbao,9,1802,2370,1,1,2,112
Cyra Reiten,csnelgarhb@mit.edu,38,991-436-8347,Uusikaupunki,3,1882,1398,3,4,3,343
Damala Kotsonis,kpibornb4@barnesandnoble.com,54,359-885-2355,Wi?zownica,12,1818,3256,1,1,2,112
Dan Campbell,aeulerbl@cdc.gov,70,838-415-5473,Th?ru Sh?h,9,1834,3335,2,1,2,212
Dan Lawera,crubegabd@jugem.jp,53,535-498-9437,Extremoz,8,1897,1503,3,2,3,323
Dan Reichenbach,tarmourf8@hexun.com,75,501-353-7675,Banjar Banyuning Barat,9,1800,6528,1,1,1,111
Dana Kaydos,sfiddimanfj@icio.us,78,274-219-4209,Katipunan,5,1842,4282,2,4,1,241
Daniel Byrd,lpashba30@chicagotribune.com,62,858-132-3848,Guangning,8,1818,2172,1,2,3,123
Daniel Lacy,mwoodlandsg8@shutterfly.com,90,291-803-3056,Baohe,6,1854,3273,2,3,2,232
Daniel Raglin,dchamperlenb@pen.io,84,670-756-4031,Cigembor,8,1847,8351,2,2,1,221
Dario Medina,cettritchg@huffingtonpost.com,22,467-711-3100,B?ft,7,1911,1322,3,2,3,323
Darren Budd,clismeri6@msu.edu,23,332-379-5621,Bichena,5,2038,2840,4,4,2,442
Darren Koutras,gsalsbergdr@dedecms.com,68,186-417-1632,Tullinge,5,1804,1687,1,4,3,143
Darren Powers,bwaldera1i@columbia.edu,36,513-661-7683,Jam,9,1923,1052,3,1,4,314
Darrin Martin,jkleedm@salon.com,70,195-326-6935,Gbawe,7,1854,6346,2,2,1,221
Darrin Sayre,slevens4b@tinypic.com,65,956-834-3391,Nova Odesa,4,1890,1762,3,4,3,343
Darrin Van Huff,wtattersjp@is.gd,88,725-474-1620,Vnorovy,5,1816,1121,1,4,4,144
Dave Brooks,klalonde1o@creativecommons.org,17,803-201-9088,Bogoria,7,1813,4532,1,2,1,121
Dave Hallsten,ikestleu@economist.com,22,582-252-5585,Zizhao,6,2074,4934,4,3,1,431
Dave Kipp,alenehamg0@exblog.jp,33,589-962-2359,San José Poaquil,7,1839,2652,2,2,2,222
Dave Poirier,bhostonhj@sogou.com,96,403-492-7789,Kai,8,1803,2215,1,2,3,123
David Bremer,bwakesez@etsy.com,75,766-131-0257,A Yun Pa,7,1845,2974,2,2,2,222
David Flashing,bfleischcm@sphinn.com,48,568-317-6068,Bamut,3,2497,2391,4,4,2,442
David Kendrick,jetherseye8@rediff.com,13,471-907-2708,Liulin,2,1807,798,1,4,4,144
David Philippe,ccasbourne44@cnn.com,22,355-999-1236,Coruripe,2,2609,1059,4,4,4,444
David Smith,eneill99@cam.ac.uk,83,589-840-4351,E?k,9,1820,2881,1,1,2,112
David Wiener,lhoudmont6t@princeton.edu,89,347-176-7614,Ruukki,6,1866,1080,2,3,4,234
Dean Braden,mscobbiej0@t-online.de,86,690-809-9518,Maganha,10,1806,2333,1,1,2,112
Dean Katz,jhalsod8@fotki.com,80,321-396-8292,Bislig,9,1807,4801,1,1,1,111
Dean percer,tscolding5e@china.com.cn,49,209-604-2599,Ralung,11,1881,7199,3,1,1,311
Deanra Eno,cgallaway35@amazon.co.uk,100,229-206-6018,Valdosta,5,2516,2550,4,4,2,442
Deborah Brumfield,mketch2l@flavors.me,93,802-786-4549,Göteborg,8,1850,4656,2,2,1,221
Debra Catini,dgiddens2g@fastcompany.com,87,749-129-0145,Hengdong Chengguanzhen,5,1820,1174,1,4,3,143
Deirdre Greer,lscapelhornak@si.edu,80,658-832-8513,Nirgua,5,1829,3195,2,4,2,242
Delfina Latchford,akreuzer2w@usa.gov,20,132-778-1102,Xibu,8,1819,1459,1,2,3,123
Denise Leinenbach,bcortenfv@usgs.gov,57,462-967-8609,Penisihan,4,1854,584,2,4,4,244
Denise Monton,wcramphorn5w@boston.com,66,117-385-9373,Carandaí,8,1819,4075,1,2,1,121
Dennis Bolton,rbetjese@noaa.gov,30,453-515-1952,Daming,5,2061,1081,4,4,4,444
Dennis Kane,ctrimble0@facebook.com,88,162-420-0124,Xihe,8,1816,3317,1,2,2,122
Dennis Pardue,bbasey2j@ning.com,58,997-567-2389,Ambarakaraka,9,2155,5482,4,1,1,411
Denny Blanton,bbraunhd@google.ru,74,421-518-9712,Týnec,4,1984,1711,4,4,3,443
Denny Joy,mkeachbh@cdbaby.com,60,907-263-5822,Paraíba do Sul,4,2434,2012,4,4,3,443
Denny Ordway,dilymanov32@mtv.com,17,339-441-8921,Watubuku,9,1930,1299,3,1,3,313
Dianna Arnett,jhinstock4y@mlb.com,72,438-375-8580,Mar?elji,4,2149,158,4,4,4,444
Dianna Vittorini,dcarlozzi75@sciencedaily.com,21,368-179-9154,Jiangcun,6,1826,3342,1,3,2,132
Dianna Wilson,mbrothers8z@state.tx.us,76,911-526-3857,Rungis,5,2014,5272,4,4,1,441
Dionis Lloyd,jmillenis@addtoany.com,95,369-509-7067,Vidyayevo,8,1873,3540,3,2,2,322
Don Jones,ttarbath3y@digg.com,16,212-498-5287,Argivai,8,1845,2502,2,2,2,222
Don Miller,lbirtchnell17@ifeng.com,32,209-539-6575,Yongheshi,3,2278,1377,4,4,3,443
Don Weiss,hcrowdko@walmart.com,73,798-570-6917,Blizne,5,1895,343,3,4,4,344
Dorothy Badders,lcavet4p@ask.com,94,551-897-2520,Tchaourou,7,1904,3908,3,2,1,321
Dorothy Dickinson,aregisee@zdnet.com,12,372-180-1727,Kardzhin,6,1838,269,2,3,4,234
Dorothy Wardle,gborrett60@addthis.com,66,853-484-4364,Glugur Tengah,7,2039,1205,4,2,3,423
Dorris liebe,omatteris9d@hp.com,90,175-473-6843,Ar Riqqah,5,1916,756,3,4,4,344
Doug Bickford,bjoya4@bbb.org,47,650-153-5222,Breia,7,1830,1988,2,2,3,223
Doug Jacobs,bpittendreighgw@newyorker.com,91,816-826-6001,Turmus‘ayy?,3,1809,3357,1,4,2,142
Doug O'Connell,allelwelnh2@angelfire.com,29,614-563-9013,Itaparica,7,1823,1268,1,2,3,123
Duane Benoit,bbecks1q@bbb.org,70,507-760-7454,Maguling,7,1809,1156,1,2,3,123
Duane Huffman,cdidomenico20@tmall.com,98,465-166-8772,Dziemiany,4,2573,1043,4,4,4,444
Duane Noonan,hkoppe5x@cpanel.net,20,430-758-0651,Uddevalla,7,2014,2139,4,2,3,423
Ed Braxton,hezzell1@livejournal.com,92,804-609-5527,Richmond,9,1845,3645,2,1,2,212
Ed Jacobs,hpovall2y@fc2.com,59,213-828-4394,Tiron,4,2099,2163,4,4,3,443
Ed Ludwig,briggeyk2@nature.com,99,488-208-8578,Likhobory,2,1874,125,3,4,4,344
Edward Becker,abuckleh8@prnewswire.com,40,512-633-9547,Austin,10,1832,3236,2,1,2,212
Edward Hooks,jrollinshawae@ustream.tv,16,174-351-7185,Hwado,12,1932,10311,3,1,1,311
Edward Nazzal,nwinfreyf4@bloomberg.com,62,422-129-8015,Mehr?n,4,2084,2200,4,4,3,443
Eileen Kiefer,hfishpoole41@fastcompany.com,50,346-597-1920,Skoczów,4,1841,1302,2,4,3,243
Eleni McCrary,btudgayga@icq.com,35,793-955-5418,La Francia,5,1929,2567,3,4,2,342
Elizabeth Moffitt,hreuven1j@vkontakte.ru,83,894-111-4630,Nouaseur,8,1852,2340,2,2,2,222
Ellis Ballard,gfanningbs@psu.edu,18,208-361-2140,Borlänge,5,1887,4359,3,4,1,341
Elpida Rittenbach,jmcleeseh5@statcounter.com,21,182-731-4313,Guchang,3,2218,1246,4,4,3,443
Emily Burns,jshackle3l@youtube.com,67,624-633-9752,Naga,10,1897,2768,3,1,2,312
Emily Ducich,nbaise3m@pinterest.com,80,576-600-7469,Qulai,8,1932,3486,3,2,2,322
Emily Grady,mcasfordhz@yellowpages.com,41,316-532-0356,Xiangyang,5,1819,1832,1,4,3,143
Emily Phan,lruprechter9n@ovh.net,34,572-188-5439,M? Xuyên,17,1809,5479,1,1,1,111
Eric Barreto,pgeorghiou6s@facebook.com,59,934-912-0830,Bretaña,5,1958,944,3,4,4,344
Eric Hoffmann,abertot2p@weebly.com,99,382-820-0843,Pueai Noi,8,2014,684,4,2,4,424
Eric Murdock,okohngn@google.fr,89,665-336-8237,?oan Hùng,5,1948,934,3,4,4,344
Erica Bern,ewinchesterku@ezinearticles.com,25,419-983-4168,Kupang,4,1797,1644,1,4,3,143
Erica Hackney,cnolletv@guardian.co.uk,42,975-185-5762,Levandeira,6,2202,826,4,3,4,434
Erica Hernandez,adoltonaq@washington.edu,76,308-752-5035,Kavýli,7,1799,1220,1,2,3,123
Erica Smith,rgautreyd2@google.es,74,392-239-5008,Mongu,5,1837,3511,2,4,2,242
Erin Ashbrook,rcarren4n@statcounter.com,59,689-660-4455,Bizerte,13,1949,2847,3,1,2,312
Erin Creighton,kvyvyanam@cyberchimps.com,83,371-884-3600,Bulupayung,5,1850,462,2,4,4,244
Erin Mull,hfassbender81@vistaprint.com,46,608-163-3053,Novoshakhtinskiy,4,1844,229,2,4,4,244
Erin Smith,gleaf2x@japanpost.jp,19,481-620-2674,Citatah Kaler,9,1825,4659,1,1,1,111
Eudokia Martin,lcluneyjb@cornell.edu,36,418-812-4496,Senanga,4,1910,1040,3,4,4,344
Eugene Barchas,dshureyfm@cargocollective.com,85,631-780-2542,Kagoshima-shi,6,1910,3072,3,3,2,332
Eugene Hildebrand,gbonnora@pinterest.com,97,856-668-0985,Vlachovice,10,1949,3083,3,1,2,312
Eugene Moren,ncoyishek@pen.io,82,215-693-1608,Mandor,6,1845,4589,2,3,1,231
Eva Jacobs,erosier24@ibm.com,81,495-948-2544,Lishu,5,1854,2657,2,4,2,242
Evan Bailliet,econnett12@ocn.ne.jp,42,722-518-1988,Tongjing,6,1879,1187,3,3,3,333
Evan Henry,bbrammall22@rakuten.co.jp,86,771-592-4502,Perivóli,6,1902,924,3,3,4,334
Evan Minnotte,lbowarti7@archive.org,18,619-356-5950,Tabunok,3,1955,367,3,4,4,344
Filia McAdams,hadamsson4v@google.com.hk,35,852-871-6749,Dabb?r?ya,10,1804,2456,1,1,2,112
Frank Atkinson,nbraggintond5@pinterest.com,68,519-841-4000,Tsengel,7,1894,2983,3,2,2,322
Frank Carlisle,cdarellfc@purevolume.com,55,743-524-5769,Kotawaikabubak,7,1867,3419,2,2,2,222
Frank Gastineau,acrowestq@google.com.hk,77,930-467-4669,Chumpi,7,1831,1383,2,2,3,223
Frank Hawley,datwoold@foxnews.com,17,525-600-2418,Dashuipo,10,1834,4256,2,1,1,211
Frank Merwin,mtease6o@surveymonkey.com,88,127-983-0502,Nyanza,9,1833,3737,2,1,2,212
Frank Olsen,aklimashevich94@vistaprint.com,99,385-286-4055,Guariba,10,1835,2680,2,1,2,212
Frank Preis,hdarnbrooka8@fda.gov,79,829-765-0812,Paiçandu,8,1820,4047,1,2,1,121
Fred Chung,bbroodfq@mit.edu,31,170-999-5700,Stari Grad,7,1981,3889,4,2,1,421
Fred Harton,atomekii@oaic.gov.au,33,581-110-4799,Pereiros,4,2009,2271,4,4,2,442
Fred Hopkins,mweathersep@blogspot.com,82,750-416-4771,Qiaozi,8,1802,6987,1,2,1,121
Fred McMath,tcotteyg9@go.com,64,666-848-9325,Koa,9,1942,2523,3,1,2,312
Fred Wasserman,salmakgq@tripod.com,61,998-236-0513,Hà ?ông,3,2159,81,4,4,4,444
Gary Hansen,mgrzesiewicz4m@virginia.edu,57,700-383-4597,?ông Thành,9,1872,2819,2,1,2,212
Gary Hwang,twaddingtonbj@networkadvertising.org,74,788-346-1444,Tours,4,1847,4174,2,4,1,241
Gary McGarr,mkilduffcw@topsy.com,38,770-561-2315,Jakartovice,7,1880,3584,3,2,2,322
Gary Mitchum,glampah@foxnews.com,16,539-889-5829,Lianhe,6,1813,3078,1,3,2,132
Gary Zandusky,lballard78@geocities.com,82,390-980-9484,Tuochuan,9,1804,4354,1,1,1,111
Gene Hale,akillbyhi@loc.gov,83,388-717-8092,Ratchasan,2,2184,1361,4,4,3,443
Gene McClure,bscrivenb5@naver.com,91,235-595-1033,Patrocínio,10,1903,1255,3,1,3,313
George Ashbrook,bmuddicliffe69@altervista.org,82,266-424-6724,Liushui,8,1946,3921,3,2,1,321
George Bell,mbowdlerar@arstechnica.com,26,875-805-1720,Nizhniy Tagil,11,1859,1570,2,1,3,213
George Zrebassa,gragat2k@technorati.com,55,839-749-0626,Katrineholm,4,1954,2454,3,4,2,342
Georgia Rosenberg,nmaccoll1a@tinypic.com,37,575-211-3912,Novoselë,2,2933,1284,4,4,3,443
Giulietta Baptist,swittyi2@furl.net,19,150-330-7490,Shiroi,5,1810,4716,1,4,1,141
Giulietta Dortch,jmaytum43@squidoo.com,48,347-454-0640,??r,4,1802,1888,1,4,3,143
Giulietta Weimer,estack77@ocn.ne.jp,88,785-589-7542,Bajia,7,1825,2190,1,2,3,123
Grace Kelly,rlabatiee1@liveinternet.ru,37,909-277-7854,Senekal,9,1909,6499,3,1,1,311
Grant Thornton,millstondh@tripadvisor.com,42,770-639-2827,Daraitan,3,1853,9350,2,4,1,241
Greg Guthrie,dkitt2c@freewebs.com,76,590-612-6037,Dault?la,9,1840,2223,2,1,3,213
Greg Hansen,smcalarneyja@1und1.de,21,135-512-8829,Cut-cut Primero,2,1799,147,1,4,4,144
Greg Matthias,psharland16@php.net,24,400-835-2595,Fálanna,6,1949,3164,3,3,2,332
Greg Maxwell,gbreedy10@washington.edu,18,941-917-1391,Turgun,3,1914,6050,3,4,1,341
Greg Tran,calison86@twitpic.com,46,214-454-0808,Tlogosari,11,1833,11820,2,1,1,211
Guy Armstrong,tbaynton8w@google.fr,96,952-508-6690,Farafenni,11,1802,1398,1,1,3,113
Guy Phonely,scominottia0@bing.com,72,831-635-7465,Khlung,2,2562,237,4,4,4,444
Guy Thornton,kcridlandfk@bandcamp.com,67,396-522-8775,Roma,4,1831,227,2,4,4,244
Hallie Redmond,gscholtzf9@wordpress.com,94,835-108-1458,Potou,5,1810,1299,1,4,3,143
Harold Dahlen,solivas5t@wp.com,41,537-927-5767,Biyang,3,2566,251,4,4,4,444
Harold Engle,isineathk7@nasa.gov,12,305-992-7061,Clearwater,4,1809,884,1,4,4,144
Harold Pawlan,dbonhan6f@surveymonkey.com,92,427-630-8038,Kiruru,7,1827,1990,1,2,3,123
Harold Ryan,calcock7t@salon.com,77,572-673-3760,Majie,7,1956,5249,3,2,1,321
Harry Greene,cwarnesb8@phoca.cz,52,332-470-3042,Maganha,5,1851,785,2,4,4,244
Harry Marie,jfilgate8f@ca.gov,66,963-621-9637,Kassándreia,10,1799,8237,1,1,1,111
Heather Jas,sbradnockeeu@typepad.com,53,596-246-6173,Nice,5,1923,359,3,4,4,344
Heather Kirkland,kobeirnebi@nymag.com,33,291-327-7047,Zhufo,8,1948,4878,3,2,1,321
Helen Abelman,smeekinsbr@go.com,27,600-265-6790,Takeshiken,7,1866,2163,2,2,3,223
Helen Andreada,lpryndb@diigo.com,39,684-160-2180,Lucheng,8,1817,2583,1,2,2,122
Helen Wasserman,ggalierf3@gov.uk,59,629-250-7393,Tanda,8,1914,9299,3,2,1,321
Henia Zydlo,bloftingll@digg.com,83,684-342-4507,Paokmotong Utara,5,1832,886,2,4,4,244
Henry Goldwyn,egiacobo7o@amazon.co.jp,60,473-703-2147,Kengkou,12,1820,3249,1,1,2,112
Henry MacAllister,mdantonhg@github.com,48,352-665-8442,Senahú,4,2044,737,4,4,4,444
Herbert Flentye,nmussaredcp@hexun.com,64,305-527-3836,Sima,7,1818,2533,1,2,2,122
Hilary Holden,agluyas9t@usa.gov,61,721-789-2966,Helsingborg,2,1869,218,2,4,4,244
Hunter Glantz,smcnultydx@wp.com,14,706-636-1841,Podgortsy,7,1803,3690,1,2,2,122
Hunter Lopez,gjimes7u@angelfire.com,34,220-250-1622,Outjo,6,1840,12874,2,3,1,231
Ionia McGrath,hrigbyx@mediafire.com,28,606-263-7656,Nishinomiya-hama,3,2206,2872,4,4,2,442
Irene Maddox,gfike64@studiopress.com,41,135-585-6570,Canoas,7,2187,4931,4,2,1,421
Ivan Gibson,kmowerbc@google.cn,17,831-548-8191,Parigi,4,1868,744,2,4,4,244
Ivan Liston,nemsleycj@alexa.com,39,873-247-7397,Kumagaya,7,1939,5040,3,2,1,321
Jack Garza,ptuerenaba@moonfruit.com,49,177-435-3367,Bandong,3,2555,2358,4,4,2,442
Jack Lebron,churtadoa9@sakura.ne.jp,98,262-566-3451,Qinjiang,6,1805,1215,1,3,3,133
Jack O'Briant,awodeland28@dmoz.org,77,712-433-7746,Mandi Bah?udd?n,9,1854,3256,2,1,2,212
James Galang,tstandell25@goodreads.com,48,980-256-6691,Las Tunas,11,1798,6367,1,1,1,111
James Lanier,twolfartj2@weibo.com,53,644-448-9634,Gaïtánion,5,1803,1572,1,4,3,143
Jamie Frazer,lgayler5a@nih.gov,85,475-776-5852,Kampunganyar,7,1862,2279,2,2,2,222
Jamie Kunitz,gchangeb@rambler.ru,94,653-176-1071,Ramat HaSharon,5,1858,4427,2,4,1,241
Jane Waco,dmcgrortykr@mayoclinic.com,26,794-935-9838,Kabinda,6,1839,7722,2,3,1,231
Janet Lee,bizzardhx@pcworld.com,73,337-270-1697,Hellevoetsluis,5,1916,2203,3,4,3,343
Janet Martin,nbartosiklb@cisco.com,64,125-409-4594,Donghai,6,1834,3159,2,3,2,232
Janet Molinari,fmcgivena1n@shutterfly.com,13,360-137-9987,Xindong,5,1834,1804,2,4,3,243
Jas O'Carroll,delliot47@mediafire.com,18,809-874-8946,Bzenec,6,1889,1935,3,3,3,333
Jason Fortune-,imarcu4t@illinois.edu,81,791-266-2108,Toulon,5,2022,955,4,4,4,444
Jason Gross,gcheesleyka@reverbnation.com,27,192-964-2366,Horton,6,1799,2241,1,3,3,133
Jason Klamczynski,draspisonl9@prweb.com,81,447-923-3486,Hanshou,3,2084,384,4,4,4,444
Jasper Cacioppo,frossoni3@liveinternet.ru,42,250-955-3999,Aqaba,4,1911,72,3,4,4,344
Jay Fein,mdohmannhk@youtube.com,35,333-779-8290,Stetseva,6,1902,1913,3,3,3,333
Jay Kimmel,mprobynh6@foxnews.com,36,502-604-2623,Louisville,8,1841,2710,2,2,2,222
Jenna Caffey,misgarlj@gov.uk,23,450-559-5162,Wangjiahe,1,1972,1058,3,4,4,344
Jennifer Braxton,ppeyegr@adobe.com,91,540-355-4683,O?no Lubuskie,10,1804,1792,1,1,3,113
Jennifer Ferguson,utopazd1@msu.edu,32,653-359-7523,Yinglan,6,1799,2372,1,3,2,132
Jennifer Halladay,lbarajaslh@timesonline.co.uk,21,317-199-7042,Lojejerkrajan,4,1802,310,1,4,4,144
Jennifer Jackson,ghedylstonegp@joomla.org,12,664-168-6641,Baalbek,5,2280,710,4,4,4,444
Jennifer Patt,lellinor2u@wired.com,84,312-418-6793,Kaw?czyn,7,1834,1669,2,2,3,223
Jeremy Ellison,breedshawg5@paginegialle.it,64,386-660-1560,Tambak,6,1990,1388,4,3,3,433
Jeremy Farry,fpiercey5h@senate.gov,13,741-891-7289,Budva,11,1918,1082,3,1,4,314
Jeremy Lonsdale,apaike1e@google.de,80,322-210-5960,Évodoula,6,1846,3173,2,3,2,232
Jeremy Pistek,mmuckleston8s@cocolog-nifty.com,12,490-159-5947,Santiago Puringla,7,1805,3636,1,2,2,122
Jessica Myrick,catyeo98@reverbnation.com,12,509-876-1704,Alp?rai,7,1899,1733,3,2,3,323
Jesus Ocampo,rmcilvaneygk@squidoo.com,45,511-638-0446,Llusco,5,2012,1091,4,4,4,444
Jill Fjeld,cmorriesonhw@blogs.com,42,602-183-8749,Mesa,8,1851,4198,2,2,1,221
Jill Matthias,jnorcliffkv@adobe.com,13,308-246-1702,Xipu,5,1797,304,1,4,4,144
Jill Stevenson,jsandlinib@bloglovin.com,69,696-694-4224,Pindi Bhatti?n,4,1916,1418,3,4,3,343
Jim Epp,wcutteridgegs@foxnews.com,13,953-912-1816,Puerto San José,7,1845,7755,2,2,1,221
Jim Karlsson,ieatttok3z@drupal.org,67,468-961-9365,Växjö,7,1858,3761,2,2,2,222
Jim Kriz,csteptowbv@bing.com,57,809-943-8002,Kadubetara,9,1977,4762,3,1,1,311
Jim Mitchum,gchallenor4@sakura.ne.jp,67,803-804-4471,Namyang-dong,5,1805,865,1,4,4,144
Jim Radford,lleaseke@google.fr,25,984-839-2711,Masindi Port,2,2390,1157,4,4,3,443
Jim Sink,dabbettjv@cornell.edu,11,500-247-1677,Langtou,4,1839,1131,2,4,4,244
Jocasta Rupert,ablizardlr@cdc.gov,63,801-608-1079,Pajé,1,1865,864,2,4,4,244
Joe Elijah,aashcroft7l@php.net,41,323-546-8843,Timon,10,1843,8698,2,1,1,211
Joe Kamberova,rcardiscc@sitemeter.com,49,118-971-9976,North Shore,10,1881,4866,3,1,1,311
Joel Eaton,lcorbinb6@washingtonpost.com,79,458-149-2286,Agodim,13,1848,6761,2,1,1,211
Joel Jenkins,agillingf5@sphinn.com,18,342-721-4617,Chating,2,2550,195,4,4,4,444
John Castell,bklosterman34@yolasite.com,46,663-553-3581,Cambas,9,1955,2773,3,1,2,312
John Dryer,wcaldecotthn@comcast.net,94,938-513-9992,Dolní Dvo?išt?,5,1914,2153,3,4,3,343
John Grady,wfabb1w@nba.com,57,179-288-8227,Thepharak,6,2020,1507,4,3,3,433
John Huston,mcruessf2@mozilla.com,30,623-233-4505,Andilamena,6,1971,529,3,3,4,334
John Lee,syarker3r@istockphoto.com,15,179-693-3318,Yongxing Chengguanzhen,11,1818,9801,1,1,1,111
John Lucas,blusherg7@amazon.co.jp,19,678-274-9609,Portëz,6,2411,2725,4,3,2,432
John Murray,lfishleighbk@ow.ly,52,237-900-6829,Debre Tabor,7,1906,7624,3,2,1,321
John Stevenson,kreilly6h@springer.com,53,866-532-8357,Moerewa,5,2331,3868,4,4,1,441
Jonathan Doherty,hmarcham6i@fda.gov,81,351-705-5941,Melikkrajan,11,2191,7610,4,1,1,411
Jonathan Howell,wtribefd@bloomberg.com,23,790-167-3062,Tupesy,7,1838,959,2,2,4,224
Joni Blumstein,hdowglassc8@nydailynews.com,39,524-207-5822,Sujiatuo,3,2534,900,4,4,4,444
Joni Sundaresam,whallford8l@examiner.com,19,511-615-2005,Touying,5,2260,470,4,4,4,444
Joni Wasserman,mantonk0@free.fr,85,533-975-3260,Karakabak,7,1802,1243,1,2,3,123
Joseph Airdo,tleyband90@house.gov,93,352-467-6895,San Ramon,8,1889,6492,3,2,1,321
Joseph Holt,kgreensitteq@hhs.gov,40,776-993-7538,Dayong,6,1826,7955,1,3,1,131
Joy Bell-,fdourinkd@home.pl,55,374-197-0020,Tiên Ph??c,7,1840,644,2,2,4,224
Joy Daniels,chatherallt@about.com,99,699-857-1060,Shiban,6,1909,386,3,3,4,334
Joy Smith,nansteyd3@epa.gov,38,882-307-2910,Liufang,6,1825,2517,1,3,2,132
Julia Barnett,mmcnufffr@google.ru,86,725-612-2760,Bile,5,1804,2518,1,4,2,142
Julia Dunbar,wjoe6r@hibu.com,12,617-188-3043,Salantai,3,2097,696,4,4,4,444
Julia West,zleopardfl@ca.gov,30,600-122-2406,Saintes,4,2258,1429,4,4,3,443
Juliana Krohn,mcasinifp@ifeng.com,10,851-404-8766,Zelenogorsk,3,1825,3748,1,4,2,142
Julie Creighton,ndurrandaz@fema.gov,44,111-641-2314,Agnibilékrou,5,1854,858,2,4,4,244
Julie Kriz,jlegalle63@canalblog.com,76,282-420-1361,Zhengyangshan,10,1914,2934,3,1,2,312
Julie Prescott,bmeachan4l@live.com,76,211-188-5684,Horqueta,9,1899,1707,3,1,3,313
Justin Deggeller,rflanders5r@xing.com,36,296-701-8765,Kiên L??ng,8,1838,8828,2,2,1,221
Justin Ellison,dpelzk6@clickbank.net,59,210-770-5953,San Antonio,3,1817,2698,1,4,2,142
Justin Hirsh,teadyh4@unblog.fr,42,290-769-8115,Triandría,4,2201,2257,4,4,3,443
Justin MacKendrick,ggundreyd9@sohu.com,25,842-427-0510,Qaryat ad Da‘?s,10,1854,2834,2,1,2,212
Justin Ritter,lliversagei9@joomla.org,100,502-787-5471,Kin?na,5,1830,2202,2,4,3,243
Kalyca Meade,blowerfs@wikia.com,83,546-554-8648,???????,6,1811,2260,1,3,2,132
Karen Bern,awestcarp@sogou.com,81,636-266-6726,Fengshan,7,1801,3153,1,2,2,122
Karen Carlisle,mdennickdt@amazonaws.com,57,378-566-3551,Independencia,6,2204,2121,4,3,3,433
Karen Daniels,mbassone4@thetimes.co.uk,52,653-527-3113,?ysomice,5,2281,8282,4,4,1,441
Karen Ferguson,lprettyjohns92@icio.us,79,638-490-2402,Huquan,7,1894,10605,3,2,1,321
Karen Seio,tkingshottiw@smh.com.au,49,227-181-7622,Pustá Polom,3,2092,89,4,4,4,444
Karl Braun,nmeale18@t.co,94,132-862-0961,Ocuviri,9,2093,1570,4,1,3,413
Katharine Harms,cpavettad@unesco.org,54,246-757-5272,Orion,8,1837,3313,2,2,2,222
Katherine Ducich,rsnary4f@wiley.com,20,127-487-8468,Cabinda,6,1838,1889,2,3,3,233
Katherine Hughes,aathy5o@g.co,98,616-813-6156,Pescadería,6,1798,3101,1,3,2,132
Katherine Murray,bhargrave9f@goo.gl,64,846-951-8330,Sabaneta,8,1853,5620,2,2,1,221
Katherine Nockton,abatrim96@google.cn,78,205-449-8263,Sogati,9,1816,2618,1,1,2,112
Katrina Bavinger,cdabbsg6@mysql.com,71,260-183-6854,Ki?evo,3,1914,909,3,4,4,344
Katrina Edelman,pcordell45@prweb.com,45,591-611-1198,Florencia,8,1823,1686,1,2,3,123
Katrina Willman,bcawthraf1@nba.com,32,141-339-0037,Jaleswar,5,1893,4417,3,4,1,341
Kean Nguyen,lgainsborough48@paginegialle.it,92,807-707-2490,Gazimurskiy Zavod,5,1849,2172,2,4,3,243
Kean Takahito,areithbp@umn.edu,67,763-472-9822,Koa,7,2188,3059,4,2,2,422
Kean Thornton,mgroundwater5b@unc.edu,26,159-645-0781,Lokolande,10,1897,4643,3,1,1,311
Keith Dawkins,mwinspear7c@cisco.com,47,813-138-2743,Pedra Branca,12,1909,8182,3,1,1,311
Keith Herrera,fbelfragea7@latimes.com,61,903-355-1515,Thakhèk,7,1819,5953,1,2,1,121
Kelly Andreada,gharringtondf@comsenz.com,78,641-464-5096,Chornyanka,7,1833,1520,2,2,3,223
Kelly Collister,hgostageh0@cafepress.com,17,652-176-3677,Palaiseau,4,1894,3908,3,4,1,341
Kelly Lampkin,agooderidge3x@illinois.edu,94,890-489-7055,Skalánion,8,1813,5016,1,2,1,121
Kelly Williams,dbeangeay@techcrunch.com,50,707-540-7578,Melong,4,2568,449,4,4,4,444
Ken Black,cairs8e@prlog.org,61,593-881-4276,Lengshuijing,12,2027,2746,4,1,2,412
Ken Brennan,kewells8t@pagesperso-orange.fr,51,897-742-7774,Topola,7,1798,984,1,2,4,124
Ken Dana,bbuzekkx@earthlink.net,72,127-390-0078,Changgang,5,2086,2244,4,4,3,443
Ken Heidel,bkempsony@creativecommons.org,83,593-622-8701,Rudnyy,9,1855,3919,2,1,1,211
Ken Lonsdale,mhundellbg@cornell.edu,86,337-172-5742,Lafayette,12,1844,14174,2,1,1,211
Khloe Miller,alindsell9e@wikispaces.com,57,491-449-8892,Zhumadian,5,1812,454,1,4,4,144
Kimberly Carter,ohuckster8h@zimbio.com,32,413-384-1726,Yeoju,4,1854,1145,2,4,4,244
Kristen Hastings,jjoronds@flickr.com,37,828-518-4514,Pingshan,7,1799,5991,1,2,1,121
Kristina Nunn,hessame2n@homestead.com,86,427-505-1629,Bor Ondor,8,1895,2281,3,2,2,322
Kunst Miller,kmayhead6@instagram.com,97,643-543-2128,Järvakandi,8,1825,4909,1,2,1,121
Larry Blacks,gdiggelljy@pcworld.com,62,655-144-2912,Junín,3,1845,50,2,4,4,244
Larry Hughes,gilyuchyov5j@paypal.com,50,924-211-0214,Bugko,3,1948,288,3,4,4,344
Larry Tron,pnice7p@tripod.com,37,167-602-5726,Mölndal,3,1823,330,1,4,4,144
Laura Armstrong,rmcgorley2s@wordpress.org,35,756-790-5994,Tsagaanders,11,1951,8675,3,1,1,311
Laurel Beltran,kticknerkg@tuttocitta.it,53,958-389-6654,Liulin,8,1949,4987,3,2,1,321
Laurel Elliston,smacallen7@macromedia.com,57,861-390-3887,Chynadiyovo,6,1818,1469,1,3,3,133
Laurel Workman,myakovliv1b@seesaa.net,39,951-909-7163,Geshan,5,1885,2238,3,4,3,343
Lauren Leatherbury,nwanell9l@pcworld.com,59,148-137-6754,Bernal,6,2046,2741,4,3,2,432
Lela Donovan,knormanelll7@nps.gov,86,513-156-8867,Cincinnati,1,2349,5,4,4,4,444
Lena Cacioppo,ekolinskyin@virginia.edu,18,965-290-5348,Kury?ówka,8,1824,2580,1,2,2,122
Lena Creighton,wspreull3j@baidu.com,66,301-751-8497,Žatec,12,1813,7661,1,1,1,111
Lena Hernandez,cpollok3b@google.cn,92,590-849-0395,McKinley,9,1818,2296,1,1,2,112
Lena Radford,dcraighead8x@jigsy.com,84,338-135-0348,Aquiraz,6,1823,5142,1,3,1,131
Linda Cazamias,bstollenbecker39@zdnet.com,31,116-889-1346,Sijiqing,8,1838,4492,2,2,1,221
Linda Southworth,htyndallgd@rediff.com,69,189-664-7077,Bambari,6,1975,2845,3,3,2,332
Lindsay Castell,gclemencetg3@fema.gov,97,251-427-4710,Robonkon,4,2233,3247,4,4,2,442
Lindsay Shagiari,mstonebridgea2@arizona.edu,33,981-181-0939,Chervyen’,9,1817,2988,1,1,2,112
Lindsay Williams,jgreatrakesle@prnewswire.com,40,623-414-7454,Srokowo,6,1830,3231,2,3,2,232
Lisa DeCherney,werswell7b@pcworld.com,68,307-328-3775,Chivor,4,2211,1962,4,4,3,443
Lisa Hazard,hskarmangb@w3.org,89,773-855-3153,Haghartsin,4,2036,318,4,4,4,444
Lisa Ryan,abassano3f@wunderground.com,23,976-617-5013,Suzëmka,5,1929,1879,3,4,3,343
Liz Carlisle,corbell4z@quantcast.com,77,770-755-0782,Fulu,5,1851,2095,2,4,3,243
Liz MacKendrick,jbodsworth1p@webs.com,99,748-783-2767,Yokohama,5,2188,1347,4,4,3,443
Liz Pelletier,mdiggelldi@mtv.com,85,959-125-7478,Prroshyan,4,1837,757,2,4,4,244
Liz Preis,hpeckettjl@edublogs.org,25,582-952-9048,Hefei,7,1806,3654,1,2,2,122
Liz Thompson,mwychardiu@miibeian.gov.cn,86,298-844-0599,Kými,8,1831,2936,2,2,2,222
Liz Willingham,kzisneros49@mediafire.com,92,771-810-9471,Xiaohe,3,2002,1259,4,4,3,443
Logan Currie,ajoslynz@ted.com,20,963-608-6241,Charqueadas,9,1810,2632,1,1,2,112
Logan Haushalter,nfarahar4c@flavors.me,36,143-844-9868,Tmourghout,9,2182,1740,4,1,3,413
Lori Olson,hstrathearnfa@youtube.com,48,499-221-9708,Atyrau,5,1799,644,1,4,4,144
Luke Foster,cvanleijs3g@virginia.edu,61,820-538-1009,????????,7,1819,3931,1,2,1,121
Luke Schmidt,ntelfer4x@google.com,38,302-253-8933,Ralung,6,1893,1010,3,3,4,334
Luke Weiss,gblowfield59@imdb.com,59,123-377-6851,Krajan Suko Kidul,7,1818,5420,1,2,1,121
Lycoris Saunders,lbellanger8q@cnn.com,41,890-552-2245,Henglishan,3,2574,368,4,4,4,444
Lynn Smith,tgauchier79@youtube.com,20,372-476-8159,Wieczfnia Ko?cielna,6,1831,1007,2,3,4,234
Magdelene Morse,dpowling31@theatlantic.com,69,511-698-7313,Brinje,4,1965,1315,3,4,3,343
Marc Crier,atwiddle2t@npr.org,99,829-261-6680,Gogaran,8,1873,2727,3,2,2,322
Marc Harrigan,hfreak5d@unesco.org,35,100-382-2117,?ayyibat al Im?m,6,1916,2394,3,3,2,332
Maria Bertelson,slowmassce@nbcnews.com,57,804-673-2678,Konsoy,10,1845,1548,2,1,3,213
Maria Etezadi,dbauldryeg@jalbum.net,74,877-762-2505,Tierimu,10,1839,10663,2,1,1,211
Maria Zettner,divankovicgi@google.pl,23,225-376-6495,Santiago Nonualco,4,1827,594,1,4,4,144
Maribeth Dona,spont4o@seattletimes.com,53,574-437-3391,Eirado,7,1914,3766,3,2,2,322
Maribeth Schnelling,jmaccari5y@meetup.com,36,805-956-4344,Bakersfield,10,2070,7443,4,1,1,411
Maribeth Yedwab,bfarloei0@bandcamp.com,34,410-831-3458,Trail,7,1826,2254,1,2,3,123
Marina Lichtenstein,mbenedidick6g@gov.uk,30,869-909-8890,Jundiaí,9,1866,2723,2,1,2,212
Maris LaWare,bobin7h@jalbum.net,85,926-459-3812,Puncaksari,6,1851,2922,2,3,2,232
Mark Cousins,gdundinat@unicef.org,82,203-384-7714,Ewarton,5,2196,4432,4,4,1,441
Mark Haberlin,gsperski1v@xinhuanet.com,92,727-378-2756,Saint Petersburg,4,2173,401,4,4,4,444
Mark Hamilton,swendover9b@columbia.edu,48,591-149-7922,Kirovs’k,8,1882,2456,3,2,2,322
Mark Packer,hdeppenbo@exblog.jp,23,720-671-9420,Cerme Kidul,7,2516,3206,4,2,2,422
Mark Van Huff,madamovichc1@woothemes.com,70,904-356-7520,Ki?evo,9,1824,1562,1,1,3,113
Mary O'Rourke,cquaif6b@columbia.edu,16,209-110-8610,Itapetinga,4,1869,922,2,4,4,244
Mary Zewe,cchildren88@yolasite.com,83,319-717-2638,Chepo,6,2079,2565,4,3,2,432
MaryBeth Skach,bgasperi9i@earthlink.net,27,120-740-5782,Ostrov,4,2231,475,4,4,4,444
Mathew Reese,druncie5i@mlb.com,53,791-556-0257,Subottsi,4,1922,640,3,4,4,344
Matt Abelman,fpaz72@pen.io,53,580-109-4042,Diekirch,11,1861,4300,2,1,1,211
Matt Collins,cprestwichf@ning.com,73,562-393-3649,Krajanbonjor,8,1824,1304,1,2,3,123
Matt Collister,tturville7x@comsenz.com,66,669-679-4314,Nangka,6,1848,2426,2,3,2,232
Matt Connell,gdobsons1m@thetimes.co.uk,20,967-577-1472,Caluire-et-Cuire,8,1909,2258,3,2,2,322
Matt Hagelstein,spunteriy@senate.gov,68,699-151-6543,Semamung,4,1952,1253,3,4,3,343
Matthew Clasen,sandresene3@shutterfly.com,71,567-172-9747,Grubišno Polje,4,1986,795,4,4,4,444
Matthew Grinstein,mprayea@ezinearticles.com,30,245-797-6936,Br?ko,7,1826,3784,1,2,2,122
Maureen Fritzler,hcrohank5@alibaba.com,22,730-551-8237,Shouchang,5,2218,936,4,4,4,444
Maureen Gastineau,cedbrooke3i@youtu.be,76,423-663-0132,Nantes,4,1889,2350,3,4,2,342
Maureen Gnade,tdebeauchampal@wikimedia.org,98,525-994-3916,Neochórion,3,2352,1343,4,4,3,443
Maurice Satty,sswabey9a@edublogs.org,90,519-238-6696,Xianhe,6,2210,1613,4,3,3,433
Max Engle,jmcdowell7a@shinystat.com,27,876-914-2991,Whitchurch,8,1825,1909,1,2,3,123
Max Jones,gdebischofey@hugedomains.com,99,444-944-0527,Paupanda Bawah,7,1819,6321,1,2,1,121
Max Ludwig,cbevirjx@cocolog-nifty.com,61,758-232-4850,Acul du Nord,7,1826,2072,1,2,3,123
Maxwell Schwartz,nbrumfitt5q@amazon.co.uk,35,904-854-9498,Jacksonville,9,1918,3145,3,1,2,312
Maya Herman,bpherps70@goodreads.com,68,547-948-2074,Skomlin,7,1895,2203,3,2,3,323
Meg O'Connel,caggishl@sciencedaily.com,22,924-364-0258,Ecroignard,8,1901,1686,3,2,3,323
Meg Tillman,tdalessandrofg@telegraph.co.uk,82,965-657-9296,Acopampa,6,1846,2889,2,3,2,232
Melanie Seite,cfrondt9r@sogou.com,57,646-633-6144,Iwatsuki,4,2249,371,4,4,4,444
Michael Chen,dpelcheurd4@wiley.com,35,382-645-7062,Quezaltepeque,7,1798,3807,1,2,1,121
Michael Dominguez,sjozwiakld@addtoany.com,37,376-790-0179,Martaban,5,1833,1205,2,4,3,243
Michael Grace,setock1h@cbslocal.com,74,946-702-6877,Kawaliwu,5,1913,1241,3,4,3,343
Michael Granlund,dtwydell5n@patch.com,25,559-147-0442,Bol’shoy Karay,9,1896,777,3,1,4,314
Michael Kennedy,bathowedn@vimeo.com,48,129-617-7648,Antalaha,8,1825,2302,1,2,2,122
Michael Moore,ekiddsh@hud.gov,45,539-792-1136,Smederevo,11,1804,3794,1,1,1,111
Michael Nguyen,rrosita6j@vimeo.com,55,289-356-8252,Cikaduen,6,1831,2477,2,3,2,232
Michael Oakman,fcarderlz@t.co,50,156-787-1145,Malinta,2,1977,154,3,4,4,344
Michael Paige,mubsdaleg1@bigcartel.com,19,316-562-9366,Miass,9,1869,3983,2,1,1,211
Michael Stewart,fmatt5c@gmpg.org,31,334-602-7291,Hufeng,6,1823,855,1,3,4,134
Michelle Arnett,agreggersen91@pen.io,17,972-641-6150,Rymättylä,6,1983,2453,4,3,2,432
Michelle Ellison,mpendrick5g@vkontakte.ru,36,701-302-5360,Sukarame,4,1889,1257,3,4,3,343
Michelle Huthwaite,mbeltonca@netscape.com,77,811-108-5624,Pionerskiy,5,1846,2986,2,4,2,242
Michelle Lonsdale,bjewkslm@51.la,59,525-467-6130,Lu?ina,3,1876,742,3,4,4,344
Michelle Moray,ltearney3p@bandcamp.com,35,707-962-8762,Itanhaém,8,1858,2750,2,2,2,222
Michelle Tran,dmeharryiz@ucoz.ru,48,929-372-5539,Vila Franca,4,2000,1320,4,4,3,443
Mick Brown,lbrammarb3@elegantthemes.com,31,482-541-8654,Angers,7,1841,1429,2,2,3,223
Mick Crebagga,mminerso@indiatimes.com,91,329-978-0673,Hastings,10,1838,2220,2,1,3,213
Mick Hernandez,ibaumadierlo@japanpost.jp,57,529-962-8966,‘An?t?,9,1802,5503,1,1,1,111
Mike Caudle,zraff95@unesco.org,35,652-958-6047,Galán,5,2166,1582,4,4,3,443
Mike Gockenbach,jdawea3@cisco.com,42,375-869-4728,Jintan,4,1881,3062,3,4,2,342
Mike Kennedy,hmacgianylw@eepurl.com,22,336-308-2807,Salima,4,2037,1032,4,4,4,444
Mike Pelletier,rohartigan5s@gov.uk,99,243-464-8574,Cerro,9,1813,5089,1,1,1,111
Mike Vittorini,sspittall9m@amazon.com,72,687-477-2564,Yonago,7,1816,1735,1,2,3,123
Mitch Gastineau,tpursglovelp@fastcompany.com,38,548-983-0406,Chornoliztsi,1,2061,17,4,4,4,444
Mitch Webber,jklesse1f@cnet.com,75,331-174-0504,D?r?b,7,1814,5341,1,2,1,121
Mitch Willingham,ecomiam5k@123-reg.co.uk,90,777-410-1384,Mosteiros,2,1841,5254,2,4,1,241
Monica Federle,msurmonc6@ftc.gov,47,284-871-2645,Al Qubbah,5,1804,1758,1,4,3,143
Muhammed Lee,abalderyhs@un.org,56,651-612-1097,Reims,2,1897,162,3,4,4,344
Muhammed MacIntyre,gcopingm@google.ru,47,417-250-0506,Naagas,9,1882,775,3,1,4,314
Muhammed Yedwab,djohansen27@columbia.edu,27,273-522-9003,Mendeleyevskiy,11,1868,4154,2,1,1,211
Nancy Lomonaco,cbatonl0@upenn.edu,95,833-946-1015,Jhumra,4,1855,1419,2,4,3,243
Naresj Patel,rgaylord4s@nydailynews.com,80,734-182-2141,Presa,6,1822,5530,1,3,1,131
Nat Carroll,iloutheane42@harvard.edu,41,406-131-6253,Srabah,5,2021,2462,4,4,2,442
Nat Gilpin,ceddisforth8@google.cn,97,746-303-8947,Hernani,5,1845,1871,2,4,3,243
Natalie DeCherney,ccottrill37@cocolog-nifty.com,15,800-512-2120,Uddevalla,9,1824,4326,1,1,1,111
Natalie Fritzler,gbaynom80@elegantthemes.com,47,585-168-5295,Roscoff,7,1876,8321,3,2,1,321
Natalie Webber,snewhouseac@geocities.com,30,210-968-0721,Bahuang,7,1969,7234,3,2,1,321
Nathan Cano,aswalowe9u@gizmodo.com,88,983-251-4375,Vatutino,6,1838,2218,2,3,3,233
Nathan Gelder,dpoulney55@whitehouse.gov,22,470-129-8410,Temara,5,1845,1396,2,4,3,243
Nathan Mautz,jscathard40@sakura.ne.jp,70,822-264-6354,Kitakata,7,1957,6460,3,2,1,321
Neil Ducich,niiannoni8y@blogger.com,53,920-429-1502,Bilopillya,6,1980,2894,3,3,2,332
Neil Franzšsisch,wcharlot2@thetimes.co.uk,94,481-158-1671,Huaidian,4,2322,377,4,4,4,444
Neil Knudson,sburtonshawgj@geocities.com,50,532-272-7094,Yuracyacu,7,1867,572,2,2,4,224
Neola Schneider,fbaxterkn@so-net.ne.jp,52,427-610-3858,Tsaratanana,4,1803,2576,1,4,2,142
Neoma Murray,dlindseyj6@sbwire.com,94,785-847-5361,Tama,10,2041,2163,4,1,3,413
Nick Crebassa,rrosindill4q@harvard.edu,74,193-273-9334,Paris 16,7,1803,8241,1,2,1,121
Nick Radford,bmattusevich29@geocities.com,16,485-630-0473,Tall Rif‘at,5,2007,2368,4,4,2,442
Nick Zandusky,gkroppic@wordpress.org,54,667-158-6075,Onguday,9,1882,2488,3,1,2,312
Nicole Brennan,tkenench@home.pl,30,736-691-4534,Haoyi,2,2963,274,4,4,4,444
Nicole Fjeld,kallflatten@unc.edu,83,134-605-5396,Colonia Mauricio José Troche,7,1911,2031,3,2,3,323
Nicole Hansen,wodegaard3u@mapquest.com,21,750-746-5712,Linjiang,7,1986,2673,4,2,2,422
Noah Childs,krashleighec@homestead.com,82,464-372-4645,Jaboatão dos Guararapes,5,2001,1821,4,4,3,443
Noel Staavos,sdrogandg@xinhuanet.com,78,993-297-2250,Takanini,13,1971,2965,3,1,2,312
Nona Balk,hgilffilland7g@who.int,16,751-759-0714,Campo Maior,9,1816,1971,1,1,3,113
Nora Paige,sfesslerhy@patch.com,54,300-179-2854,Hongqi,5,1855,3909,2,4,1,241
Nora Pelletier,darmstrongh1@ebay.co.uk,23,766-913-5731,Sanshui,6,2203,1229,4,3,3,433
Nora Preis,kgarci2d@sogou.com,100,896-258-4519,Wichit,7,1935,7903,3,2,1,321
Odella Nelson,joluney6c@webmd.com,37,191-500-3926,Nara-shi,9,2207,1567,4,1,3,413
Olvera Toch,hriddickft@wikia.com,90,395-771-6166,Nuradilovo,5,1862,3819,2,4,1,241
Pamela Coakley,evaladezc9@ft.com,88,397-417-5093,Babakan Baru,4,1799,1832,1,4,3,143
Pamela Stobb,hsannes7s@ning.com,18,105-485-0852,Lilin Satu,6,1904,2182,3,3,3,333
Parhena Norris,cendricii8@yale.edu,41,778-820-3090,Sangallaya,8,1827,1467,1,2,3,123
Patricia Hirasaki,jhaylandln@wufoo.com,68,174-902-2943,Caherconlish,1,1867,730,2,4,4,244
Patrick Bzostek,cdaileyig@examiner.com,67,446-685-9285,Markova,3,1822,740,1,4,4,144
Patrick Gardner,hbransdon3c@sphinn.com,70,869-688-1964,Bakau,13,1833,3087,2,1,2,212
Patrick Jones,vream9v@google.ru,16,797-941-1501,Tafraout,8,1836,1219,2,2,3,223
Patrick O'Brill,jmatuschekc3@newsvine.com,36,119-160-4053,Tuwa,11,1801,7474,1,1,1,111
Patrick O'Donnell,lmoorcraft66@discuz.net,24,951-593-4028,Yangiqo‘rg‘on,7,1797,2494,1,2,2,122
Patrick Ryan,rdenseya1@qq.com,60,406-504-0399,Mompós,5,1833,1840,2,4,3,243
Paul Gonzalez,cdibiagio1k@sohu.com,12,886-720-5505,Huangjinjing,9,1854,1988,2,1,3,213
Paul Knutson,pshiels1z@trellian.com,38,559-732-2872,Gargaliánoi,2,2280,1441,4,4,3,443
Paul Lucas,fheersel@omniture.com,47,135-571-8619,Ecilda Paullier,5,1812,240,1,4,4,144
Paul MacIntyre,rmayhou5l@soup.io,83,669-597-6607,Magalalag,3,2183,1406,4,4,3,443
Paul Prost,mstuther7q@netvibes.com,87,534-651-4520,Nagarakembang,10,1894,7254,3,1,1,311
Paul Stevenson,dlawransonhq@dedecms.com,33,718-830-1198,Oematnunu,8,1866,1278,2,2,3,223
Paul Van Hugh,rlorentzdo@salon.com,46,224-550-0664,Qiaodi,5,1886,2876,3,4,2,342
Pauline Chand,rinkpinir@prnewswire.com,56,383-601-5381,Rož?alovice,2,2679,1062,4,4,4,444
Pauline Johnson,ekibblewhite6w@unesco.org,39,275-846-5622,Jistebník,7,1931,1824,3,2,3,323
Pauline Webber,lstirtle7d@deliciousdays.com,13,865-614-2332,Huai’an,10,1843,3455,2,1,2,212
Penelope Sewall,valoshkin9y@netlog.com,13,238-647-8153,Xiguantun Muguzu Manzuxiang,7,2033,6843,4,2,1,421
Pete Armstrong,kmickleburghc2@opera.com,85,616-251-4087,Landi Kotal,6,1900,730,3,3,4,334
Pete Kriz,lbrundale26@youtu.be,61,922-662-4416,Leping,12,1806,8647,1,1,1,111
Pete Takahito,emcgroartylg@blinklist.com,45,831-228-6026,Khal?l?b?d,4,1868,160,2,4,4,244
Peter BŸhler,pllewelly8c@meetup.com,14,317-425-4338,Napoli,4,1854,689,2,4,4,244
Peter Fuller,toccleshawe9@over-blog.com,30,856-847-9475,Emiliano Zapata,4,2632,9063,4,4,1,441
Peter McVee,gwilll5@opera.com,13,808-780-0962,Tsil’na,4,1848,4115,2,4,1,241
Philip Brown,bbattisson2o@tuttocitta.it,78,980-349-1771,Tunis,8,1894,1456,3,2,3,323
Philip Fox,lclaphamex@nih.gov,98,132-537-7942,Barbudo,6,1993,2770,4,3,2,432
Philisse Overcash,bwilemangt@w3.org,99,515-948-5657,Des Moines,9,1957,4893,3,1,1,311
Phillina Ober,bchalmers46@dedecms.com,63,354-377-7285,Ngorongoro,5,1883,1056,3,4,4,344
Phillip Breyer,kabisettic4@blogs.com,26,582-983-0105,Årsta,2,2485,133,4,4,4,444
Phillip Flathmann,chubboldk8@hc360.com,92,529-771-4933,São Miguel do Araguaia,5,1911,2207,3,4,3,343
Pierre Wener,lechaliedz@state.tx.us,98,429-878-8827,Banjarbaru,7,2261,3922,4,2,1,421
Quincy Jones,cpatchett82@topsy.com,37,646-647-0855,Starokucherganovka,9,1822,6109,1,1,1,111
Rachel Payne,dmuffcx@alexa.com,31,509-836-9192,Baoli,4,2293,954,4,4,4,444
Ralph Arnett,cfalconarct@sohu.com,13,924-142-3157,Wissous,9,1802,2618,1,1,2,112
Ralph Kennedy,lbarribalj3@multiply.com,38,961-266-9956,Sanmiaoqian,3,1916,1460,3,4,3,343
Ralph Ritter,zebbettsl4@blogger.com,42,836-311-0560,Villa Ojo de Agua,2,1816,616,1,4,4,144
Randy Bradley,rritchingsdj@nytimes.com,36,724-422-5232,Kudang,2,1865,1008,2,4,4,244
Randy Ferguson,sleavesley6x@tripod.com,39,659-846-5468,Bélel,8,2187,3310,4,2,2,422
Raymond Buch,gjoyesjw@studiopress.com,75,489-769-9760,Kipen’,6,1893,15117,3,3,1,331
Raymond Messe,rbasinigazziai@indiegogo.com,57,996-968-8731,Cumanacoa,6,2142,1453,4,3,3,433
Resi Pšlking,rbessett61@sfgate.com,51,683-426-4073,Jianchang,12,1830,5154,2,1,1,211
Ricardo Emerson,ndownese5@stumbleupon.com,47,666-566-7410,Talalayivka,1,2895,48,4,4,4,444
Ricardo Sperren,cwieprechtlq@slate.com,45,413-586-1198,Xinhuang,5,1873,3221,3,4,2,342
Richard Bierner,vwilcinskiseh@si.edu,46,405-193-9237,Hatavch,8,1816,2664,1,2,2,122
Richard Eichhorn,ubexondy@uiuc.edu,13,831-723-9206,‘Ub?l,5,2099,877,4,4,4,444
Rick Bensley,jclose5m@home.pl,14,172-789-6139,Bang Len,12,1806,4716,1,1,1,111
Rick Duston,edubs2v@youku.com,98,833-728-7324,Liminka,8,1869,4272,2,2,1,221
Rick Hansen,pkayser3q@360.cn,50,810-437-3123,Bilad,5,1829,3622,2,4,2,242
Rick Huthwaite,ymatiasekc7@fastcompany.com,16,705-296-1079,Liujiachang,6,2264,6978,4,3,1,431
Rick Reed,ccrapper7n@multiply.com,98,762-864-8241,Spiczyn,6,1967,3301,3,3,2,332
Rick Wilson,fmusicogy@marriott.com,70,158-112-4329,Nazaré,7,1917,7398,3,2,1,321
Ritsa Hightower,sthrowerfy@dailymotion.com,43,212-956-2883,Buchou,2,2316,740,4,4,4,444
Rob Beeghly,agrimmelc@ocn.ne.jp,55,949-457-0879,Rossosh’,5,1822,529,1,4,4,144
Rob Dowd,ehauxwelle0@marriott.com,87,727-508-2083,Aktau,10,1977,2914,3,1,2,312
Rob Haberlin,avacherfw@china.com.cn,69,897-746-8572,Berlin,3,2331,2086,4,4,3,443
Rob Lucas,ccrassweller9j@alexa.com,36,792-195-0561,Saidpur,8,1918,6236,3,2,1,321
Rob Williams,lleinthall3t@mashable.com,66,439-455-0964,Huaccana,9,1886,3279,3,1,2,312
Robert Barroso,ecorrigan2e@imdb.com,33,988-275-8554,Mangaldan,5,2445,222,4,4,4,444
Robert Dilbeck,clibriie@whitehouse.gov,38,227-324-5763,Lagoa Vermelha,5,1911,2787,3,4,2,342
Robert Marley,rjedrasdd@msu.edu,66,567-864-5980,Hantang,5,1803,5979,1,4,1,141
Robert Waldorf,cgallicoky@squidoo.com,94,139-698-3139,Taichung,5,1876,3496,3,4,2,342
Roger Barcio,avalentinegl@paypal.com,21,201-274-7897,Obsharovka,4,1851,2068,2,4,3,243
Roger Demir,wtraher2m@wufoo.com,93,969-762-6730,Pocora,10,1818,1420,1,1,3,113
Roland Fjeld,vgritland52@etsy.com,57,321-833-5169,Lyon,7,1886,2342,3,2,2,322
Roland Murray,hwhitechurchly@ihg.com,40,393-348-3548,Visim,1,2096,98,4,4,4,444
Roland Schwarz,tnutbeam2f@si.edu,42,617-534-2759,Lourido,8,1833,4160,2,2,1,221
Rose O'Brian,vlenhamit@biblegateway.com,14,240-295-7540,Aguilar,7,1832,3816,2,2,1,221
Ross Baird,bkickb0@narod.ru,13,492-694-1919,Pamanukan,8,1829,5633,2,2,1,221
Ross DeVincentis,mbrahmbx@youtu.be,87,676-797-8018,Carandaí,8,1811,1136,1,2,4,124
Roy Collins,sbrisbaneab@senate.gov,24,110-708-9635,Kiambu,6,2166,967,4,3,4,434
Roy Franzšsisch,lbett6v@apache.org,90,966-107-4994,Santa Catalina,8,1803,945,1,2,4,124
Roy Phan,dgascarhf@seesaa.net,32,674-253-2516,Tokmok,8,1825,2170,1,2,3,123
Roy Skaria,cfilipponejq@i2i.jp,50,490-773-5221,Novoselë,2,1816,23,1,4,4,144
Ruben Ausman,vconeron8d@ibm.com,52,310-553-4346,Hallstahammar,7,1840,3833,2,2,1,221
Ruben Dartt,mablec5@kickstarter.com,17,479-717-9202,Oslomej,9,1911,3134,3,1,2,312
Russell Applegate,gblenkhorns@csmonitor.com,86,495-288-2388,Lianhua,9,1809,4793,1,1,1,111
Russell D'Ascenzo,ceustanch65@independent.co.uk,75,564-937-0568,Hefu,4,1839,971,2,4,4,244
Ryan Akin,grobisoner@boston.com,39,437-717-2575,Shardara,5,1858,1686,2,4,3,243
Ryan Crowe,jtoupe50@aol.com,86,501-134-4543,Damanh?r,6,1907,887,3,3,4,334
Sally Hughsby,bholdrenij@forbes.com,83,179-518-2473,Bang Khon Thi,13,1826,3408,1,1,2,112
Sally Knutson,stogherjn@patch.com,12,457-965-2120,Barrancas,3,1805,884,1,4,4,144
Sally Matthias,cjessoppbz@creativecommons.org,76,748-701-9448,?wiecie nad Os?,4,2218,244,4,4,4,444
Sam Craven,fgrinyakin6a@behance.net,40,913-951-7818,Herne,5,2578,3364,4,4,2,442
Sam Zeldin,klenahan1y@zimbio.com,62,957-802-9309,Iligan City,11,1832,3627,2,1,2,212
Sample Company A,pmarneshm@time.com,78,984-662-3219,Hengtang,9,1837,4625,2,1,1,211
Sandra Flanagan,dbason4e@example.com,91,490-212-3633,Mawlaik,7,1856,764,2,2,4,224
Sandra Glassco,sbradnockej8@ehow.com,84,875-969-0299,Jianggao,3,1805,3406,1,4,2,142
Sanjit Chand,dtoffler5f@washingtonpost.com,95,863-684-4700,Remscheid,9,2146,14143,4,1,1,411
Sanjit Engle,dbeedelldc@miitbeian.gov.cn,33,709-472-6077,Noisy-le-Grand,11,1806,12210,1,1,1,111
Sanjit Jacobs,gleftwichf0@google.com,82,607-805-7584,Créteil,12,1892,3949,3,1,1,311
Saphhira Shifley,cmcpeake62@mysql.com,52,922-670-6182,Houilles,8,1812,1324,1,2,3,123
Sara Luxemburg,cpearle73@symantec.com,45,793-939-0492,Pizhanka,7,1867,3053,2,2,2,222
Sarah Bern,llutyli@quantcast.com,42,158-914-6154,Ciracap,3,1998,1349,4,4,3,443
Sarah Brown,sdevey5z@goodreads.com,20,376-731-7509,Fovissste,6,1985,6412,4,3,1,431
Sarah Foster,eantonoyevb7@hibu.com,43,636-853-1332,Staritsa,9,1856,3424,2,1,2,212
Sarah Jordon,ncurnessif@flavors.me,26,934-805-9242,Yelenendorf,6,1826,1341,1,3,3,133
Scot Coram,vhannigerjr@google.com,54,394-756-5791,Distracción,4,1946,4372,3,4,1,341
Scot Wooten,khardeybb@taobao.com,87,889-252-9955,Barili,7,1878,1085,3,2,4,324
Scott Cohen,eclitheroe8a@fotki.com,65,147-214-7389,Dembéni,8,1984,3730,4,2,2,422
Scott Williamson,rtumiotokk@blogs.com,46,526-955-5675,Massy,6,1827,1966,1,3,3,133
Sean Braxton,derrett6m@e-recht24.de,82,428-703-5039,Alamar,7,1844,8058,2,2,1,221
Sean Christensen,mferran4a@freewebs.com,88,122-704-6078,San Pedro de Macorís,7,1826,3980,1,2,1,121
Sean Miller,gespadasbm@360.cn,81,655-287-7517,Yekaterinovka,5,1876,25042,3,4,1,341
Sean O'Donnell,pconnockj5@myspace.com,22,567-567-7220,Punta Gorda,6,1826,2603,1,3,2,132
Sean Wendt,ssturgiskm@wordpress.com,64,997-350-3699,Boca de Uchire,3,1959,1019,3,4,4,344
Seth Vernon,nhainge8j@si.edu,55,389-231-0802,Isdalstø,10,1898,11471,3,1,1,311
Shahid Collister,nnial8u@bluehost.com,18,820-725-4040,Kurayoshi,9,1827,5993,1,1,1,111
Shahid Hopkins,mwilloway54@ask.com,48,910-558-4129,Lubei,10,1820,2181,1,1,3,113
Shahid Shariari,zwason7k@unblog.fr,33,102-628-0079,Illkirch-Graffenstaden,6,1907,3057,3,3,2,332
Sharelle Roach,phartzenbergau@booking.com,90,147-721-3572,Seremban,5,1805,3233,1,4,2,142
Shaun Chance,roreganf7@storify.com,82,245-611-4683,Bršadin,7,1833,1875,2,2,3,223
Shaun Weien,dhinstockim@geocities.com,13,701-514-2015,Piraí do Sul,7,1959,2923,3,2,2,322
Sheri Gordon,ecouves57@cbsnews.com,100,139-271-9779,Katori-shi,8,1980,1885,3,2,3,323
Shirley Daniels,dmasserelm@theglobeandmail.com,71,143-462-3495,‘?r?f,9,1997,6122,4,1,1,411
Shirley Jackson,rfennickaa@hc360.com,93,943-482-1813,Zhongba,5,2050,1319,4,4,3,443
Shirley Schmidt,tpoxon71@sun.com,17,656-602-3226,Huayuan,3,2288,613,4,4,4,444
Shui Tom,ycrang2q@dmoz.org,26,350-537-0199,Telpaneca,7,1922,432,3,2,4,324
Sibella Parks,nchoupin6q@parallels.com,85,247-810-6703,Rum?h,6,2124,1307,4,3,3,433
Skye Norling,vhalifaxgu@clickbank.net,65,189-609-2585,Kolodenka,6,1908,1860,3,3,3,333
Sonia Cooley,gskeleton9z@bandcamp.com,66,373-698-5460,Kuching,5,1889,902,3,4,4,344
Sonia Sunley,bgrahamcb@alibaba.com,19,179-626-1030,Nesterovskaya,6,2229,418,4,3,4,434
Speros Goranitis,jpourveer6d@liveinternet.ru,58,865-893-9485,Amarillo,6,1905,3125,3,3,2,332
Stefania Perrino,nbellward1s@washington.edu,27,267-929-9817,San Miguel de Tucumán,9,1844,5442,2,1,1,211
Stefanie Holloman,chendrix6y@nsw.gov.au,24,475-177-5954,Tigre,2,2562,2096,4,4,3,443
Stephanie Phelps,tsterzaker3h@cargocollective.com,36,834-815-6925,Moate,9,2183,1873,4,1,3,413
Stephanie Ulpright,laberdalgyho@google.fr,74,489-641-0000,Th? Tr?n Cao L?c,7,1817,2595,1,2,2,122
Steve Carroll,lcranniscv@hud.gov,69,886-707-2875,Dresden,6,1923,1255,3,3,3,333
Steve Chapman,ctyriecd@wired.com,50,587-873-5475,Orsha,10,1886,2578,3,1,2,312
Steve Nguyen,sfairliegh@imgur.com,100,549-723-0067,Guapi,7,1876,3129,3,2,2,322
Steven Cartwright,jbaldassi9s@goodreads.com,91,572-904-6233,Barra Velha,11,1984,5225,4,1,1,411
Steven Roelle,djoret9g@bbc.co.uk,88,412-888-5250,Pujijie,8,1993,4346,4,2,1,421
Steven Ward,rflawn9p@ebay.com,19,752-727-7702,Aranguren,2,2331,759,4,4,4,444
Stewart Carmichael,ccopelloi3@ameblo.jp,65,279-887-1578,Donabate,7,1838,4493,2,2,1,221
Stewart Visinsky,mbowlesc@hubpages.com,57,365-950-5041,Barong,9,2117,4104,4,1,1,411
Stuart Calhoun,sstanionix@usa.gov,91,809-380-8295,Barueri,4,1827,278,1,4,4,144
Stuart Van,jzimekh3@cnn.com,95,397-708-1489,Zhengguo,4,1873,1271,3,4,3,343
Sue Ann Reed,vmactrustie9c@xing.com,52,893-905-9237,Altanbulag,10,1860,4766,2,1,1,211
Sung Chung,bfurmingerjk@ftc.gov,97,129-655-4412,Erdenet,2,1928,281,3,4,4,344
Sung Pak,obelsher5v@flickr.com,78,196-362-0143,Ipaba,10,1876,4283,3,1,1,311
Sung Shariari,vgingeliv@hc360.com,39,346-731-7333,Timahankrajan,5,1917,965,3,4,4,344
Susan Gilcrest,scasonekw@thetimes.co.uk,67,780-391-4402,Dangjiaxian,3,2023,49,4,4,4,444
Susan MacKendrick,cbaroschkp@lycos.com,63,835-473-6854,Montpellier,1,2403,1043,4,4,4,444
Susan Pistek,tjodkowski9q@parallels.com,59,202-487-8811,Washington,6,1867,3991,2,3,1,231
Susan Vittorini,adebruyneki@joomla.org,22,810-794-9033,Kontagora,8,1799,1904,1,2,3,123
Suzanne McNair,apuffett6n@zdnet.com,84,241-484-4217,Huangliang,12,1822,5565,1,1,1,111
Sylvia Foulston,lmoncreiffees@thetimes.co.uk,14,785-669-2323,Vidnoye,9,1845,3336,2,1,2,212
Tamara Chand,bboddie6u@constantcontact.com,10,414-230-2421,Verblyany,5,2196,19052,4,4,1,441
Tamara Dahlen,ckyllford8k@reddit.com,50,653-638-0530,Driefontein,9,1834,1435,2,1,3,213
Tamara Manning,achampneycu@si.edu,69,183-578-0411,Cimanggu Wetan,8,1900,2955,3,2,2,322
Tamara Willingham,fcomberbeachi@imgur.com,96,770-733-3278,Keti Bandar,7,1861,5279,2,2,1,221
Tanja Norvell,mpasleyas@sakura.ne.jp,72,445-436-7159,Boca de Parita,7,1887,3130,3,2,2,322
Ted Butterfield,lselbornek1@theglobeandmail.com,37,282-416-4952,Salekhard,5,1916,1469,3,4,3,343
Ted Trevino,egrimes8b@answers.com,92,138-304-1112,Qiongshan,7,1828,4915,2,2,1,221
Thais Sissman,npocockem0@miibeian.gov.cn,75,316-324-1468,Souto,2,2154,5,4,4,4,444
Thea Hendricks,jharperco@acquirethisname.com,13,996-708-8281,Longquan,5,2141,2424,4,4,2,442
Thea Hudgings,eleneyby@scribd.com,51,701-682-0719,Paris La Défense,4,1855,2943,2,4,2,242
Theone Pippenger,sbouldegg@mtv.com,93,551-943-9358,Zhongzhai,9,1805,4455,1,1,1,111
Theresa Coyne,agogielv@arstechnica.com,66,250-335-1945,Santa Praxedes,1,1903,1038,3,4,4,344
Theresa Swint,ksimmondsik@constantcontact.com,78,377-955-8283,Dan Khun Thot,6,2301,2163,4,3,3,433
Thomas Boland,rpettengell1t@sogou.com,61,924-655-7657,Jendouba,4,1855,3589,2,4,2,242
Thomas Brumley,dkimbroughdv@de.vu,40,601-918-2381,Popovi,4,1846,816,2,4,4,244
Thomas Seio,agoodier68@cisco.com,93,595-959-6555,Mar?dah,7,1995,5372,4,2,1,421
Thomas Thornton,lpurshousedw@paginegialle.it,38,799-659-8539,Basicao Coastal,8,1980,1428,3,2,3,323
Tiffany House,mtonkinson4u@tamu.edu,100,266-155-0035,Tianjiazhuang,8,1914,1021,3,2,4,324
Tim Brockman,dsoutherden8g@newyorker.com,88,795-852-0608,Xinzheng,7,2146,1603,4,2,3,423
Tim Taslimi,jjedrykaj7@vk.com,10,912-146-2313,Rautjärvi,3,2203,439,4,4,4,444
Toby Braunhardt,ulabon8o@dropbox.com,50,347-225-6694,Sv?tlá nad Sázavou,6,2380,2197,4,3,3,433
Toby Carlisle,lbrownbridgeaw@last.fm,46,990-298-0793,Dongting,8,1824,4266,1,2,1,121
Toby Gnade,gbernaldezfz@theatlantic.com,50,982-574-7837,Xuân Tr??ng,5,2134,3059,4,4,2,442
Toby Ritter,uashenhurst8v@mozilla.com,40,859-952-4159,Bitam,5,1990,676,4,4,4,444
Toby Swindell,evolkersap@csmonitor.com,51,494-514-8709,Konstancin-Jeziorna,5,2023,976,4,4,4,444
Todd Boyes,agoulterkb@tinypic.com,44,179-480-6569,Lapai,5,1943,834,3,4,4,344
Todd Sumrall,czipsellr@whitehouse.gov,27,599-516-1870,Étampes,6,1833,11892,2,3,1,231
Tom Ashbrook,gmayhokq@tripadvisor.com,18,108-602-8119,Kuasha,4,1866,14595,2,4,1,241
Tom Boeckenhauer,satyeo3o@t-online.de,37,262-433-2259,Geneng,7,1999,9133,4,2,1,421
Tom Prescott,lcatchesidehr@alexa.com,99,495-384-4354,Villa Hayes,5,1901,5330,3,4,1,341
Tom Stivers,mway3v@washington.edu,42,665-962-1680,Stenungsund,5,1969,2054,3,4,3,343
Tonja Turnell,bheinzelhp@businessinsider.com,90,214-949-7777,Katipunan,7,1809,5365,1,2,1,121
Tony Chapman,mburchallip@forbes.com,36,147-235-5325,Kuhmoinen,9,1950,1244,3,1,3,313
Tony Molinari,amccronelk@theguardian.com,83,569-401-0992,M?ga,3,1927,1095,3,4,4,344
Tony Sayre,ekenwin9o@free.fr,60,699-358-1550,Amphoe Sikhiu,6,1808,2243,1,3,3,133
Tracy Blumstein,ewhetland6z@latimes.com,71,417-191-2593,Chian Yai,9,1904,4737,3,1,1,311
Tracy Collins,bbertiecn@freewebs.com,14,347-329-8533,Cunha,7,1801,743,1,2,4,124
Tracy Hopkins,mbackler4j@themeforest.net,51,213-374-9381,Los Angeles,7,1869,4233,2,2,1,221
Tracy Poddar,csegerfb@mlb.com,46,836-938-8846,Huskvarna,4,2147,1937,4,4,3,443
Tracy Zic,edupreedu@cdc.gov,17,290-330-6402,?dilpur,4,1832,1707,2,4,3,243
Troy Blackwell,ospringellkj@prnewswire.com,77,567-590-2643,Cabugao,5,2082,1387,4,4,3,443
Troy Staebel,vbienvenub9@wordpress.org,55,281-806-7124,Binjai,7,1852,2821,2,2,2,222
Trudy Brown,fgelliona5@bbc.co.uk,50,490-635-3422,Jiantou,9,1827,2798,1,1,2,112
Trudy Glocke,myushmanov8m@nationalgeographic.com,48,618-274-0005,Nanlü,4,1911,2075,3,4,3,343
Trudy Schmidt,gbridellhu@xing.com,85,537-992-1960,Orsk,5,2035,3368,4,4,2,442
Valerie Dominguez,cbroy7m@weibo.com,69,753-927-9948,Independencia,6,2378,6442,4,3,1,431
Valerie Mitchum,aburcharde7@furl.net,34,386-662-8046,Vertientes,7,1851,2455,2,2,2,222
Valerie Takahito,cheeleycg@unesco.org,94,416-903-6827,Épinal,2,2797,1736,4,4,3,443
Vicky Freymann,mhucks4i@blogger.com,11,381-905-2322,Dachuan,5,1810,849,1,4,4,144
Victor Preis,gfennahh@economist.com,69,571-464-5314,Mölndal,3,1827,994,1,4,4,144
Victoria Brennan,ckintong4@columbia.edu,25,727-507-3986,Hoktember,6,1851,2006,2,3,3,233
Victoria Pisteka,itilley3a@salon.com,39,513-762-8148,Ralung,7,1872,3361,2,2,2,222
Victoria Wilson,dmurrie56@is.gd,85,170-192-7889,Alcáçovas,10,1825,6134,1,1,1,111
Vivek Gonzalez,pdoogand6@ocn.ne.jp,31,129-533-2967,Potlot,6,1951,846,3,3,4,334
Vivek Grady,bfarndell14@sfgate.com,76,807-594-2205,Strawberry Hills,5,2083,427,4,4,4,444
Vivek Sundaresam,mflannery23@gov.uk,32,685-394-1389,Bechlín,4,2018,1055,4,4,4,444
Vivian Mathis,mbwyek9@archive.org,13,174-847-5802,Nyanza,5,1914,381,3,4,4,344
William Brown,mminichi67@naver.com,51,434-983-2926,Boca do Acre,11,1817,6159,1,1,1,111
Xylona Preis,mbowshire4r@ifeng.com,55,794-331-1417,São José do Rio Pardo,11,1840,2375,2,1,2,212
Yana Sorensen,eclawleyhe@fda.gov,49,996-443-3343,Houbai,8,1806,6721,1,2,1,121
Yoseph Carroll,nbarbary5u@freewebs.com,96,291-398-0003,Chongjin,5,1801,5455,1,4,1,141
Zuschuss Carroll,nbagnal7r@over-blog.com,81,217-987-1927,Përmet,13,1851,8027,2,1,1,211
Zuschuss Donatelli,cbindonbf@theglobeandmail.com,26,728-480-3197,Serravalle,5,1999,1494,4,4,3,443
